Workbook

Sheet REKAP APAR FT MAOS
D1: Tanggal Service Exp Apar | K1: KETERANGAN APAR HARI | S1: UNIT EXP APAR | AB1: =TODAY() -> 46297
A2: NO | B2: NOPOL | C2: TRANSPORTIR | D2: CO2 PERTAMA | E2: CO2 KEDUA | F2: DCP PRESSURE 1 | G2: DCP PRESSURE 2 | H2: DCP CATRIDGE | I2: FOAM 1 | J2: FOAM 2 | K2: CO2 PERTAMA | L2: CO2 KEDUA | M2: DCP PRESSURE 1 | N2: DCP PRESSURE 2 | O2: FOAM 1 | P2: FOAM 2 | Q2: DCP CATRIDGE | S2: CO2 Pertama | T2: CO2 Kedua | U2: DCP 1 | V2: DCP 2 | W2: Foam 1 | X2: Foam 2 | Y2: Catride | Z2: Jumlah
A4: =A3+1 -> 1 | B4: AA8410OP | C4: PT RISKI HARTATA ABADI | D4: 46254 | E4: 46254 | H4: 46292 | J4: 46292 | K4: =IF(OR($AB$1="",D4=""),"",D4-$AB$1) -> -43 | L4: =IF(OR($AB$1="",E4=""),"",E4-$AB$1) -> -43 | M4: =IF(OR($AB$1="",F4=""),"",F4-$AB$1) | N4: =IF(OR($AB$1="",G4=""),"",G4-$AB$1) | O4: =IF(OR($AB$1="",I4=""),"",I4-$AB$1) | P4: =IF(OR($AB$1="",J4=""),"",J4-$AB$1) -> -5 | Q4: =IF(OR($AB$1="",J4=""),"",J4-$AB$1) -> -5 | S4: =COUNTIF(K4, "<30") -> 1 | T4: =COUNTIF(L4, "<30") -> 1 | U4: =COUNTIF(M4, "<30") -> 0 | X4: =COUNTIF(P4, "<30") -> 1 | Y4: =COUNTIF(Q4, "<30") -> 1 | Z4: =COUNTIF(S4:Y4, ">0") -> 4
A5: =A4+1 -> 2 | B5: AA8860OF | C5: PT RISKI HARTATA ABADI | D5: 46292 | E5: 46292 | F5: 46325 | J5: 46325 | K5: =IF(OR($AB$1="",D5=""),"",D5-$AB$1) -> -5 | L5: =IF(OR($AB$1="",E5=""),"",E5-$AB$1) -> -5 | M5: =IF(OR($AB$1="",F5=""),"",F5-$AB$1) -> 28 | N5: =IF(OR($AB$1="",G5=""),"",G5-$AB$1) | O5: =IF(OR($AB$1="",I5=""),"",I5-$AB$1) | P5: =IF(OR($AB$1="",J5=""),"",J5-$AB$1) -> 28 | Q5: =IF(OR($AB$1="",J5=""),"",J5-$AB$1) -> 28 | S5: =COUNTIF(K5, "<30") -> 1 | T5: =COUNTIF(L5, "<30") -> 1 | U5: =COUNTIF(M5, "<30") -> 1 | X5: =COUNTIF(P5, "<30") -> 1 | Y5: =COUNTIF(Q5, "<30") -> 1 | Z5: =COUNTIF(S5:Y5, ">0") -> 5
A6: =A5+1 -> 3 | B6: AD8603OH | C6: PT. KARYAMAS MANUNGGAL JAYA | F6: 46254 | G6: 46254 | I6: 46254 | J6: 46352 | K6: =IF(OR($AB$1="",D6=""),"",D6-$AB$1) | L6: =IF(OR($AB$1="",E6=""),"",E6-$AB$1) | M6: =IF(OR($AB$1="",F6=""),"",F6-$AB$1) -> -43 | N6: =IF(OR($AB$1="",G6=""),"",G6-$AB$1) -> -43 | O6: =IF(OR($AB$1="",I6=""),"",I6-$AB$1) -> -43 | P6: =IF(OR($AB$1="",J6=""),"",J6-$AB$1) -> 55 | Q6: =IF(OR($AB$1="",J6=""),"",J6-$AB$1) -> 55 | S6: =COUNTIF(K6, "<30") -> 0 | T6: =COUNTIF(L6, "<30") -> 0 | U6: =COUNTIF(M6, "<30") -> 1 | X6: =COUNTIF(P6, "<30") -> 0 | Y6: =COUNTIF(Q6, "<30") -> 0 | Z6: =COUNTIF(S6:Y6, ">0") -> 1
A7: =A6+1 -> 4 | B7: AD8618OH | C7: PT. KARYAMAS MANUNGGAL JAYA | F7: 46352 | G7: 46418 | I7: 46418 | J7: 46418 | K7: =IF(OR($AB$1="",D7=""),"",D7-$AB$1) | L7: =IF(OR($AB$1="",E7=""),"",E7-$AB$1) | M7: =IF(OR($AB$1="",F7=""),"",F7-$AB$1) -> 55 | N7: =IF(OR($AB$1="",G7=""),"",G7-$AB$1) -> 121 | O7: =IF(OR($AB$1="",I7=""),"",I7-$AB$1) -> 121 | P7: =IF(OR($AB$1="",J7=""),"",J7-$AB$1) -> 121 | Q7: =IF(OR($AB$1="",J7=""),"",J7-$AB$1) -> 121 | S7: =COUNTIF(K7, "<30") -> 0 | T7: =COUNTIF(L7, "<30") -> 0 | U7: =COUNTIF(M7, "<30") -> 0 | X7: =COUNTIF(P7, "<30") -> 0 | Y7: =COUNTIF(Q7, "<30") -> 0 | Z7: =COUNTIF(S7:Y7, ">0") -> 0
A8: =A7+1 -> 5 | B8: B9022SFV | C8: PT PERTAMINA PATRA NIAGA | D8: 46283 | E8: 46283 | H8: 46376 | J8: 46292 | K8: =IF(OR($AB$1="",D8=""),"",D8-$AB$1) -> -14 | L8: =IF(OR($AB$1="",E8=""),"",E8-$AB$1) -> -14 | M8: =IF(OR($AB$1="",F8=""),"",F8-$AB$1) | N8: =IF(OR($AB$1="",G8=""),"",G8-$AB$1) | O8: =IF(OR($AB$1="",I8=""),"",I8-$AB$1) | P8: =IF(OR($AB$1="",J8=""),"",J8-$AB$1) -> -5 | Q8: =IF(OR($AB$1="",J8=""),"",J8-$AB$1) -> -5 | S8: =COUNTIF(K8, "<30") -> 1 | T8: =COUNTIF(L8, "<30") -> 1 | U8: =COUNTIF(M8, "<30") -> 0 | X8: =COUNTIF(P8, "<30") -> 1 | Y8: =COUNTIF(Q8, "<30") -> 1 | Z8: =COUNTIF(S8:Y8, ">0") -> 4
A9: =A8+1 -> 6 | B9: B9061SFV | C9: PT. ELNUSA PETROFIN | D9: 46292 | E9: 46292 | H9: 46254 | J9: 46325 | K9: =IF(OR($AB$1="",D9=""),"",D9-$AB$1) -> -5 | L9: =IF(OR($AB$1="",E9=""),"",E9-$AB$1) -> -5 | M9: =IF(OR($AB$1="",F9=""),"",F9-$AB$1) | N9: =IF(OR($AB$1="",G9=""),"",G9-$AB$1) | O9: =IF(OR($AB$1="",I9=""),"",I9-$AB$1) | P9: =IF(OR($AB$1="",J9=""),"",J9-$AB$1) -> 28 | Q9: =IF(OR($AB$1="",J9=""),"",J9-$AB$1) -> 28 | S9: =COUNTIF(K9, "<30") -> 1 | T9: =COUNTIF(L9, "<30") -> 1 | U9: =COUNTIF(M9, "<30") -> 0 | X9: =COUNTIF(P9, "<30") -> 1 | Y9: =COUNTIF(Q9, "<30") -> 1 | Z9: =COUNTIF(S9:Y9, ">0") -> 4
A10: =A9+1 -> 7 | B10: B9077SEI | C10: PT PERTAMINA PATRA NIAGA | F10: 46292 | H10: 46292 | I10: 46292 | J10: 46292 | K10: =IF(OR($AB$1="",D10=""),"",D10-$AB$1) | L10: =IF(OR($AB$1="",E10=""),"",E10-$AB$1) | M10: =IF(OR($AB$1="",F10=""),"",F10-$AB$1) -> -5 | N10: =IF(OR($AB$1="",G10=""),"",G10-$AB$1) | O10: =IF(OR($AB$1="",I10=""),"",I10-$AB$1) -> -5 | P10: =IF(OR($AB$1="",J10=""),"",J10-$AB$1) -> -5 | Q10: =IF(OR($AB$1="",J10=""),"",J10-$AB$1) -> -5 | S10: =COUNTIF(K10, "<30") -> 0 | T10: =COUNTIF(L10, "<30") -> 0 | U10: =COUNTIF(M10, "<30") -> 1 | X10: =COUNTIF(P10, "<30") -> 1 | Y10: =COUNTIF(Q10, "<30") -> 1 | Z10: =COUNTIF(S10:Y10, ">0") -> 3
A11: =A10+1 -> 8 | B11: B9106SEI | C11: PT PERTAMINA PATRA NIAGA | F11: 46292 | G11: 46292 | I11: 46292 | J11: 46292 | K11: =IF(OR($AB$1="",D11=""),"",D11-$AB$1) | L11: =IF(OR($AB$1="",E11=""),"",E11-$AB$1) | M11: =IF(OR($AB$1="",F11=""),"",F11-$AB$1) -> -5 | N11: =IF(OR($AB$1="",G11=""),"",G11-$AB$1) -> -5 | O11: =IF(OR($AB$1="",I11=""),"",I11-$AB$1) -> -5 | P11: =IF(OR($AB$1="",J11=""),"",J11-$AB$1) -> -5 | Q11: =IF(OR($AB$1="",J11=""),"",J11-$AB$1) -> -5 | S11: =COUNTIF(K11, "<30") -> 0 | T11: =COUNTIF(L11, "<30") -> 0 | U11: =COUNTIF(M11, "<30") -> 1 | X11: =COUNTIF(P11, "<30") -> 1 | Y11: =COUNTIF(Q11, "<30") -> 1 | Z11: =COUNTIF(S11:Y11, ">0") -> 3
A12: =A11+1 -> 9 | B12: B9223SFV | C12: PT PERTAMINA PATRA NIAGA | D12: 46446 | E12: 46446 | H12: 46470 | J12: 46470 | K12: =IF(OR($AB$1="",D12=""),"",D12-$AB$1) -> 149 | L12: =IF(OR($AB$1="",E12=""),"",E12-$AB$1) -> 149 | M12: =IF(OR($AB$1="",F12=""),"",F12-$AB$1) | N12: =IF(OR($AB$1="",G12=""),"",G12-$AB$1) | O12: =IF(OR($AB$1="",I12=""),"",I12-$AB$1) | P12: =IF(OR($AB$1="",J12=""),"",J12-$AB$1) -> 173 | Q12: =IF(OR($AB$1="",J12=""),"",J12-$AB$1) -> 173 | S12: =COUNTIF(K12, "<30") -> 0 | T12: =COUNTIF(L12, "<30") -> 0 | U12: =COUNTIF(M12, "<30") -> 0 | X12: =COUNTIF(P12, "<30") -> 0 | Y12: =COUNTIF(Q12, "<30") -> 0 | Z12: =COUNTIF(S12:Y12, ">0") -> 0
A13: =A12+1 -> 10 | B13: B9290TFV | C13: PT. ADAM TRANS | D13: 46292 | E13: 46292 | H13: 46292 | J13: 46292 | K13: =IF(OR($AB$1="",D13=""),"",D13-$AB$1) -> -5 | L13: =IF(OR($AB$1="",E13=""),"",E13-$AB$1) -> -5 | M13: =IF(OR($AB$1="",F13=""),"",F13-$AB$1) | N13: =IF(OR($AB$1="",G13=""),"",G13-$AB$1) | O13: =IF(OR($AB$1="",I13=""),"",I13-$AB$1) | P13: =IF(OR($AB$1="",J13=""),"",J13-$AB$1) -> -5 | Q13: =IF(OR($AB$1="",J13=""),"",J13-$AB$1) -> -5 | S13: =COUNTIF(K13, "<30") -> 1 | T13: =COUNTIF(L13, "<30") -> 1 | U13: =COUNTIF(M13, "<30") -> 0 | X13: =COUNTIF(P13, "<30") -> 1 | Y13: =COUNTIF(Q13, "<30") -> 1 | Z13: =COUNTIF(S13:Y13, ">0") -> 4
A14: =A13+1 -> 11 | B14: B9300TFV | C14: PT. ADAM TRANS | D14: 46376 | E14: 46376 | H14: 46053 | J14: 46376 | K14: =IF(OR($AB$1="",D14=""),"",D14-$AB$1) -> 79 | L14: =IF(OR($AB$1="",E14=""),"",E14-$AB$1) -> 79 | M14: =IF(OR($AB$1="",F14=""),"",F14-$AB$1) | N14: =IF(OR($AB$1="",G14=""),"",G14-$AB$1) | O14: =IF(OR($AB$1="",I14=""),"",I14-$AB$1) | P14: =IF(OR($AB$1="",J14=""),"",J14-$AB$1) -> 79 | Q14: =IF(OR($AB$1="",J14=""),"",J14-$AB$1) -> 79 | S14: =COUNTIF(K14, "<30") -> 0 | T14: =COUNTIF(L14, "<30") -> 0 | U14: =COUNTIF(M14, "<30") -> 0 | X14: =COUNTIF(P14, "<30") -> 0 | Y14: =COUNTIF(Q14, "<30") -> 0 | Z14: =COUNTIF(S14:Y14, ">0") -> 0
A15: =A14+1 -> 12 | B15: B9355TFV | C15: PT. ADAM TRANS | D15: 46446 | E15: 46446 | H15: 46446 | J15: 46446 | K15: =IF(OR($AB$1="",D15=""),"",D15-$AB$1) -> 149 | L15: =IF(OR($AB$1="",E15=""),"",E15-$AB$1) -> 149 | M15: =IF(OR($AB$1="",F15=""),"",F15-$AB$1) | N15: =IF(OR($AB$1="",G15=""),"",G15-$AB$1) | O15: =IF(OR($AB$1="",I15=""),"",I15-$AB$1) | P15: =IF(OR($AB$1="",J15=""),"",J15-$AB$1) -> 149 | Q15: =IF(OR($AB$1="",J15=""),"",J15-$AB$1) -> 149 | S15: =COUNTIF(K15, "<30") -> 0 | T15: =COUNTIF(L15, "<30") -> 0 | U15: =COUNTIF(M15, "<30") -> 0 | X15: =COUNTIF(P15, "<30") -> 0 | Y15: =COUNTIF(Q15, "<30") -> 0 | Z15: =COUNTIF(S15:Y15, ">0") -> 0
A16: =A15+1 -> 13 | B16: B9376TFV | C16: PT. ADAM TRANS | D16: 46254 | E16: 46254 | F16: 46418 | J16: 46283 | K16: =IF(OR($AB$1="",D16=""),"",D16-$AB$1) -> -43 | L16: =IF(OR($AB$1="",E16=""),"",E16-$AB$1) -> -43 | M16: =IF(OR($AB$1="",F16=""),"",F16-$AB$1) -> 121 | N16: =IF(OR($AB$1="",G16=""),"",G16-$AB$1) | O16: =IF(OR($AB$1="",I16=""),"",I16-$AB$1) | P16: =IF(OR($AB$1="",J16=""),"",J16-$AB$1) -> -14 | Q16: =IF(OR($AB$1="",J16=""),"",J16-$AB$1) -> -14 | S16: =COUNTIF(K16, "<30") -> 1 | T16: =COUNTIF(L16, "<30") -> 1 | U16: =COUNTIF(M16, "<30") -> 0 | X16: =COUNTIF(P16, "<30") -> 1 | Y16: =COUNTIF(Q16, "<30") -> 1 | Z16: =COUNTIF(S16:Y16, ">0") -> 4
A17: =A16+1 -> 14 | B17: B9378TFV | C17: PT. ADAM TRANS | D17: 46292 | E17: 46292 | H17: 46254 | J17: 46292 | K17: 16 | L17: =IF(OR($AB$1="",E17=""),"",E17-$AB$1) -> -5 | M17: =IF(OR($AB$1="",F17=""),"",F17-$AB$1) | N17: =IF(OR($AB$1="",G17=""),"",G17-$AB$1) | O17: =IF(OR($AB$1="",I17=""),"",I17-$AB$1) | P17: =IF(OR($AB$1="",J17=""),"",J17-$AB$1) -> -5 | Q17: =IF(OR($AB$1="",J17=""),"",J17-$AB$1) -> -5 | S17: =COUNTIF(K17, "<30") -> 1 | T17: =COUNTIF(L17, "<30") -> 1 | U17: =COUNTIF(M17, "<30") -> 0 | X17: =COUNTIF(P17, "<30") -> 1 | Y17: =COUNTIF(Q17, "<30") -> 1 | Z17: =COUNTIF(S17:Y17, ">0") -> 4
A18: =A17+1 -> 15 | B18: B9504TEI | C18: PT. ADAM TRANS | D18: 46283 | H18: 46352 | J18: 46352 | K18: =IF(OR($AB$1="",D18=""),"",D18-$AB$1) -> -14 | L18: =IF(OR($AB$1="",E18=""),"",E18-$AB$1) | M18: =IF(OR($AB$1="",F18=""),"",F18-$AB$1) | N18: =IF(OR($AB$1="",G18=""),"",G18-$AB$1) | O18: =IF(OR($AB$1="",I18=""),"",I18-$AB$1) | P18: =IF(OR($AB$1="",J18=""),"",J18-$AB$1) -> 55 | Q18: =IF(OR($AB$1="",J18=""),"",J18-$AB$1) -> 55 | S18: =COUNTIF(K18, "<30") -> 1 | T18: =COUNTIF(L18, "<30") -> 0 | U18: =COUNTIF(M18, "<30") -> 0 | X18: =COUNTIF(P18, "<30") -> 0 | Y18: =COUNTIF(Q18, "<30") -> 0 | Z18: =COUNTIF(S18:Y18, ">0") -> 1
A19: =A18+1 -> 16 | B19: B9505TEI | C19: PT. ADAM TRANS | D19: 46446 | E19: 46446 | H19: 46446 | J19: 46292 | K19: =IF(OR($AB$1="",D19=""),"",D19-$AB$1) -> 149 | L19: =IF(OR($AB$1="",E19=""),"",E19-$AB$1) -> 149 | M19: =IF(OR($AB$1="",F19=""),"",F19-$AB$1) | N19: =IF(OR($AB$1="",G19=""),"",G19-$AB$1) | O19: =IF(OR($AB$1="",I19=""),"",I19-$AB$1) | P19: =IF(OR($AB$1="",J19=""),"",J19-$AB$1) -> -5 | Q19: =IF(OR($AB$1="",J19=""),"",J19-$AB$1) -> -5 | S19: =COUNTIF(K19, "<30") -> 0 | T19: =COUNTIF(L19, "<30") -> 0 | U19: =COUNTIF(M19, "<30") -> 0 | X19: =COUNTIF(P19, "<30") -> 1 | Y19: =COUNTIF(Q19, "<30") -> 1 | Z19: =COUNTIF(S19:Y19, ">0") -> 2
A20: =A19+1 -> 17 | B20: B9520TEI | C20: PT. ADAM TRANS | D20: 46283 | E20: 46283 | H20: 46446 | J20: 46446 | K20: =IF(OR($AB$1="",D20=""),"",D20-$AB$1) -> -14 | L20: =IF(OR($AB$1="",E20=""),"",E20-$AB$1) -> -14 | M20: =IF(OR($AB$1="",F20=""),"",F20-$AB$1) | N20: =IF(OR($AB$1="",G20=""),"",G20-$AB$1) | O20: =IF(OR($AB$1="",I20=""),"",I20-$AB$1) | P20: =IF(OR($AB$1="",J20=""),"",J20-$AB$1) -> 149 | Q20: =IF(OR($AB$1="",J20=""),"",J20-$AB$1) -> 149 | S20: =COUNTIF(K20, "<30") -> 1 | T20: =COUNTIF(L20, "<30") -> 1 | U20: =COUNTIF(M20, "<30") -> 0 | X20: =COUNTIF(P20, "<30") -> 0 | Y20: =COUNTIF(Q20, "<30") -> 0 | Z20: =COUNTIF(S20:Y20, ">0") -> 2
A21: =A20+1 -> 18 | B21: B9570SEI | C21: PT. ELNUSA PETROFIN | D21: 46446 | E21: 46446 | H21: 46352 | J21: 46352 | K21: =IF(OR($AB$1="",D21=""),"",D21-$AB$1) -> 149 | L21: =IF(OR($AB$1="",E21=""),"",E21-$AB$1) -> 149 | M21: =IF(OR($AB$1="",F21=""),"",F21-$AB$1) | N21: =IF(OR($AB$1="",G21=""),"",G21-$AB$1) | O21: =IF(OR($AB$1="",I21=""),"",I21-$AB$1) | P21: =IF(OR($AB$1="",J21=""),"",J21-$AB$1) -> 55 | Q21: =IF(OR($AB$1="",J21=""),"",J21-$AB$1) -> 55 | S21: =COUNTIF(K21, "<30") -> 0 | T21: =COUNTIF(L21, "<30") -> 0 | U21: =COUNTIF(M21, "<30") -> 0 | X21: =COUNTIF(P21, "<30") -> 0 | Y21: =COUNTIF(Q21, "<30") -> 0 | Z21: =COUNTIF(S21:Y21, ">0") -> 0
A22: =A21+1 -> 19 | B22: B9697SFV | C22: PT. ELNUSA PETROFIN | D22: 46446 | E22: 46446 | H22: 46325 | J22: 46283 | K22: =IF(OR($AB$1="",D22=""),"",D22-$AB$1) -> 149 | L22: =IF(OR($AB$1="",E22=""),"",E22-$AB$1) -> 149 | M22: =IF(OR($AB$1="",F22=""),"",F22-$AB$1) | N22: =IF(OR($AB$1="",G22=""),"",G22-$AB$1) | O22: =IF(OR($AB$1="",I22=""),"",I22-$AB$1) | P22: =IF(OR($AB$1="",J22=""),"",J22-$AB$1) -> -14 | Q22: =IF(OR($AB$1="",J22=""),"",J22-$AB$1) -> -14 | S22: =COUNTIF(K22, "<30") -> 0 | T22: =COUNTIF(L22, "<30") -> 0 | U22: =COUNTIF(M22, "<30") -> 0 | X22: =COUNTIF(P22, "<30") -> 1 | Y22: =COUNTIF(Q22, "<30") -> 1 | Z22: =COUNTIF(S22:Y22, ">0") -> 2
A23: =A22+1 -> 20 | B23: B9697SFV | C23: PT. ELNUSA PETROFIN | F23: 46376 | J23: 46376 | K23: =IF(OR($AB$1="",D23=""),"",D23-$AB$1) | L23: =IF(OR($AB$1="",E23=""),"",E23-$AB$1) | M23: =IF(OR($AB$1="",F23=""),"",F23-$AB$1) -> 79 | N23: =IF(OR($AB$1="",G23=""),"",G23-$AB$1) | O23: =IF(OR($AB$1="",I23=""),"",I23-$AB$1) | P23: =IF(OR($AB$1="",J23=""),"",J23-$AB$1) -> 79 | Q23: =IF(OR($AB$1="",J23=""),"",J23-$AB$1) -> 79 | S23: =COUNTIF(K23, "<30") -> 0 | T23: =COUNTIF(L23, "<30") -> 0 | U23: =COUNTIF(M23, "<30") -> 0 | X23: =COUNTIF(P23, "<30") -> 0 | Y23: =COUNTIF(Q23, "<30") -> 0 | Z23: =COUNTIF(S23:Y23, ">0") -> 0
A24: =A23+1 -> 21 | B24: B9570SEI | C24: PT. ELNUSA PETROFIN | F24: 46376 | J24: 46376 | K24: =IF(OR($AB$1="",D24=""),"",D24-$AB$1) | L24: =IF(OR($AB$1="",E24=""),"",E24-$AB$1) | M24: =IF(OR($AB$1="",F24=""),"",F24-$AB$1) -> 79 | N24: =IF(OR($AB$1="",G24=""),"",G24-$AB$1) | O24: =IF(OR($AB$1="",I24=""),"",I24-$AB$1) | P24: =IF(OR($AB$1="",J24=""),"",J24-$AB$1) -> 79 | Q24: =IF(OR($AB$1="",J24=""),"",J24-$AB$1) -> 79 | S24: =COUNTIF(K24, "<30") -> 0 | T24: =COUNTIF(L24, "<30") -> 0 | U24: =COUNTIF(M24, "<30") -> 0 | X24: =COUNTIF(P24, "<30") -> 0 | Y24: =COUNTIF(Q24, "<30") -> 0 | Z24: =COUNTIF(S24:Y24, ">0") -> 0
A25: =A24+1 -> 22 | B25: B9810TEI | C25: PT. ADAM TRANS | D25: 46418 | E25: 46418 | F25: 46376 | J25: 46254 | K25: =IF(OR($AB$1="",D25=""),"",D25-$AB$1) -> 121 | L25: =IF(OR($AB$1="",E25=""),"",E25-$AB$1) -> 121 | M25: =IF(OR($AB$1="",F25=""),"",F25-$AB$1) -> 79 | N25: =IF(OR($AB$1="",G25=""),"",G25-$AB$1) | O25: =IF(OR($AB$1="",I25=""),"",I25-$AB$1) | P25: =IF(OR($AB$1="",J25=""),"",J25-$AB$1) -> -43 | Q25: =IF(OR($AB$1="",J25=""),"",J25-$AB$1) -> -43 | S25: =COUNTIF(K25, "<30") -> 0 | T25: =COUNTIF(L25, "<30") -> 0 | U25: =COUNTIF(M25, "<30") -> 0 | X25: =COUNTIF(P25, "<30") -> 1 | Y25: =COUNTIF(Q25, "<30") -> 1 | Z25: =COUNTIF(S25:Y25, ">0") -> 2
A26: =A25+1 -> 23 | B26: B9811TEI | C26: PT. ADAM TRANS | D26: 46283 | E26: 46283 | H26: 46325 | J26: 46325 | K26: =IF(OR($AB$1="",D26=""),"",D26-$AB$1) -> -14 | L26: =IF(OR($AB$1="",E26=""),"",E26-$AB$1) -> -14 | M26: =IF(OR($AB$1="",F26=""),"",F26-$AB$1) | N26: =IF(OR($AB$1="",G26=""),"",G26-$AB$1) | O26: =IF(OR($AB$1="",I26=""),"",I26-$AB$1) | P26: =IF(OR($AB$1="",J26=""),"",J26-$AB$1) -> 28 | Q26: =IF(OR($AB$1="",J26=""),"",J26-$AB$1) -> 28 | S26: =COUNTIF(K26, "<30") -> 1 | T26: =COUNTIF(L26, "<30") -> 1 | U26: =COUNTIF(M26, "<30") -> 0 | X26: =COUNTIF(P26, "<30") -> 1 | Y26: =COUNTIF(Q26, "<30") -> 1 | Z26: =COUNTIF(S26:Y26, ">0") -> 4
A27: =A26+1 -> 24 | B27: B9812TEI | C27: PT. ADAM TRANS | D27: 46283 | E27: 46283 | H27: 46254 | J27: 46254 | K27: =IF(OR($AB$1="",D27=""),"",D27-$AB$1) -> -14 | L27: =IF(OR($AB$1="",E27=""),"",E27-$AB$1) -> -14 | M27: =IF(OR($AB$1="",F27=""),"",F27-$AB$1) | N27: =IF(OR($AB$1="",G27=""),"",G27-$AB$1) | O27: =IF(OR($AB$1="",I27=""),"",I27-$AB$1) | P27: =IF(OR($AB$1="",J27=""),"",J27-$AB$1) -> -43 | Q27: =IF(OR($AB$1="",J27=""),"",J27-$AB$1) -> -43 | S27: =COUNTIF(K27, "<30") -> 1 | T27: =COUNTIF(L27, "<30") -> 1 | U27: =COUNTIF(M27, "<30") -> 0 | X27: =COUNTIF(P27, "<30") -> 1 | Y27: =COUNTIF(Q27, "<30") -> 1 | Z27: =COUNTIF(S27:Y27, ">0") -> 4
A28: =A27+1 -> 25 | B28: E9225YC | C28: PT.PUSPITA CIPTA | D28: 46283 | E28: 46283 | H28: 46283 | J28: 46283 | K28: =IF(OR($AB$1="",D28=""),"",D28-$AB$1) -> -14 | L28: =IF(OR($AB$1="",E28=""),"",E28-$AB$1) -> -14 | M28: =IF(OR($AB$1="",F28=""),"",F28-$AB$1) | N28: =IF(OR($AB$1="",G28=""),"",G28-$AB$1) | O28: =IF(OR($AB$1="",I28=""),"",I28-$AB$1) | P28: =IF(OR($AB$1="",J28=""),"",J28-$AB$1) -> -14 | Q28: =IF(OR($AB$1="",J28=""),"",J28-$AB$1) -> -14 | S28: =COUNTIF(K28, "<30") -> 1 | T28: =COUNTIF(L28, "<30") -> 1 | U28: =COUNTIF(M28, "<30") -> 0 | X28: =COUNTIF(P28, "<30") -> 1 | Y28: =COUNTIF(Q28, "<30") -> 1 | Z28: =COUNTIF(S28:Y28, ">0") -> 4
A29: =A28+1 -> 26 | B29: E9264YC | C29: PT.PUSPITA CIPTA | D29: 46254 | E29: 46254 | H29: 46376 | J29: 46254 | K29: =IF(OR($AB$1="",D29=""),"",D29-$AB$1) -> -43 | L29: =IF(OR($AB$1="",E29=""),"",E29-$AB$1) -> -43 | M29: =IF(OR($AB$1="",F29=""),"",F29-$AB$1) | N29: =IF(OR($AB$1="",G29=""),"",G29-$AB$1) | O29: =IF(OR($AB$1="",I29=""),"",I29-$AB$1) | P29: =IF(OR($AB$1="",J29=""),"",J29-$AB$1) -> -43 | Q29: =IF(OR($AB$1="",J29=""),"",J29-$AB$1) -> -43 | S29: =COUNTIF(K29, "<30") -> 1 | T29: =COUNTIF(L29, "<30") -> 1 | U29: =COUNTIF(M29, "<30") -> 0 | V29: =COUNTIF(N29, "<30") -> 0 | W29: =COUNTIF(O29, "<30") -> 0 | X29: =COUNTIF(P29, "<30") -> 1 | Y29: =COUNTIF(Q29, "<30") -> 1 | Z29: =COUNTIF(S29:Y29, ">0") -> 4
A30: =A29+1 -> 27 | B30: E9334YC | C30: PT.PUSPITA CIPTA | D30: 45890 | E30: 45890 | H30: 46254 | J30: 46352 | K30: =IF(OR($AB$1="",D30=""),"",D30-$AB$1) -> -407 | L30: =IF(OR($AB$1="",E30=""),"",E30-$AB$1) -> -407 | M30: =IF(OR($AB$1="",F30=""),"",F30-$AB$1) | N30: =IF(OR($AB$1="",G30=""),"",G30-$AB$1) | O30: =IF(OR($AB$1="",I30=""),"",I30-$AB$1) | P30: =IF(OR($AB$1="",J30=""),"",J30-$AB$1) -> 55 | Q30: =IF(OR($AB$1="",J30=""),"",J30-$AB$1) -> 55 | S30: =COUNTIF(K30, "<30") -> 1 | T30: =COUNTIF(L30, "<30") -> 1 | U30: =COUNTIF(M30, "<30") -> 0 | V30: =COUNTIF(N30, "<30") -> 0 | W30: =COUNTIF(O30, "<30") -> 0 | X30: =COUNTIF(P30, "<30") -> 0 | Y30: =COUNTIF(Q30, "<30") -> 0 | Z30: =COUNTIF(S30:Y30, ">0") -> 2
A31: =A30+1 -> 28 | B31: E9335YC | C31: PT.PUSPITA CIPTA | D31: 46254 | E31: 46254 | H31: 46325 | J31: 46283 | K31: =IF(OR($AB$1="",D31=""),"",D31-$AB$1) -> -43 | L31: =IF(OR($AB$1="",E31=""),"",E31-$AB$1) -> -43 | M31: =IF(OR($AB$1="",F31=""),"",F31-$AB$1) | N31: =IF(OR($AB$1="",G31=""),"",G31-$AB$1) | O31: =IF(OR($AB$1="",I31=""),"",I31-$AB$1) | P31: =IF(OR($AB$1="",J31=""),"",J31-$AB$1) -> -14 | Q31: =IF(OR($AB$1="",J31=""),"",J31-$AB$1) -> -14 | S31: =COUNTIF(K31, "<30") -> 1 | T31: =COUNTIF(L31, "<30") -> 1 | U31: =COUNTIF(M31, "<30") -> 0 | V31: =COUNTIF(N31, "<30") -> 0 | W31: =COUNTIF(O31, "<30") -> 0 | X31: =COUNTIF(P31, "<30") -> 1 | Y31: =COUNTIF(Q31, "<30") -> 1 | Z31: =COUNTIF(S31:Y31, ">0") -> 4
A32: =A31+1 -> 29 | B32: E9412YC | C32: PT.PUSPITA CIPTA | D32: 46283 | E32: 46283 | H32: 46446 | J32: 46352 | K32: =IF(OR($AB$1="",D32=""),"",D32-$AB$1) -> -14 | L32: =IF(OR($AB$1="",E32=""),"",E32-$AB$1) -> -14 | M32: =IF(OR($AB$1="",F32=""),"",F32-$AB$1) | N32: =IF(OR($AB$1="",G32=""),"",G32-$AB$1) | O32: =IF(OR($AB$1="",I32=""),"",I32-$AB$1) | P32: =IF(OR($AB$1="",J32=""),"",J32-$AB$1) -> 55 | Q32: =IF(OR($AB$1="",J32=""),"",J32-$AB$1) -> 55 | S32: =COUNTIF(K32, "<30") -> 1 | T32: =COUNTIF(L32, "<30") -> 1 | U32: =COUNTIF(M32, "<30") -> 0 | V32: =COUNTIF(N32, "<30") -> 0 | W32: =COUNTIF(O32, "<30") -> 0 | X32: =COUNTIF(P32, "<30") -> 0 | Y32: =COUNTIF(Q32, "<30") -> 0 | Z32: =COUNTIF(S32:Y32, ">0") -> 2
A33: =A32+1 -> 30 | B33: E9445YC | C33: PT.PUSPITA CIPTA | D33: 46418 | E33: 46418 | H33: 46352 | J33: 46352 | K33: =IF(OR($AB$1="",D33=""),"",D33-$AB$1) -> 121 | L33: =IF(OR($AB$1="",E33=""),"",E33-$AB$1) -> 121 | M33: =IF(OR($AB$1="",F33=""),"",F33-$AB$1) | N33: =IF(OR($AB$1="",G33=""),"",G33-$AB$1) | O33: =IF(OR($AB$1="",I33=""),"",I33-$AB$1) | P33: =IF(OR($AB$1="",J33=""),"",J33-$AB$1) -> 55 | Q33: =IF(OR($AB$1="",J33=""),"",J33-$AB$1) -> 55 | S33: =COUNTIF(K33, "<30") -> 0 | T33: =COUNTIF(L33, "<30") -> 0 | U33: =COUNTIF(M33, "<30") -> 0 | V33: =COUNTIF(N33, "<30") -> 0 | W33: =COUNTIF(O33, "<30") -> 0 | X33: =COUNTIF(P33, "<30") -> 0 | Y33: =COUNTIF(Q33, "<30") -> 0 | Z33: =COUNTIF(S33:Y33, ">0") -> 0
A34: =A33+1 -> 31 | B34: E9450YC | C34: PT.PUSPITA CIPTA | D34: 46254 | E34: 46254 | H34: 46446 | J34: 46053 | K34: =IF(OR($AB$1="",D34=""),"",D34-$AB$1) -> -43 | L34: =IF(OR($AB$1="",E34=""),"",E34-$AB$1) -> -43 | M34: =IF(OR($AB$1="",F34=""),"",F34-$AB$1) | N34: =IF(OR($AB$1="",G34=""),"",G34-$AB$1) | O34: =IF(OR($AB$1="",I34=""),"",I34-$AB$1) | P34: =IF(OR($AB$1="",J34=""),"",J34-$AB$1) -> -244 | Q34: =IF(OR($AB$1="",J34=""),"",J34-$AB$1) -> -244 | S34: =COUNTIF(K34, "<30") -> 1 | T34: =COUNTIF(L34, "<30") -> 1 | U34: =COUNTIF(M34, "<30") -> 0 | V34: =COUNTIF(N34, "<30") -> 0 | W34: =COUNTIF(O34, "<30") -> 0 | X34: =COUNTIF(P34, "<30") -> 1 | Y34: =COUNTIF(Q34, "<30") -> 1 | Z34: =COUNTIF(S34:Y34, ">0") -> 4
A35: =A34+1 -> 32 | B35: E9542YC | C35: PT.PUSPITA CIPTA | D35: 46229 | E35: 46229 | H35: 46325 | J35: 46418 | K35: =IF(OR($AB$1="",D35=""),"",D35-$AB$1) -> -68 | L35: =IF(OR($AB$1="",E35=""),"",E35-$AB$1) -> -68 | M35: =IF(OR($AB$1="",F35=""),"",F35-$AB$1) | N35: =IF(OR($AB$1="",G35=""),"",G35-$AB$1) | O35: =IF(OR($AB$1="",I35=""),"",I35-$AB$1) | P35: =IF(OR($AB$1="",J35=""),"",J35-$AB$1) -> 121 | Q35: =IF(OR($AB$1="",J35=""),"",J35-$AB$1) -> 121 | S35: =COUNTIF(K35, "<30") -> 1 | T35: =COUNTIF(L35, "<30") -> 1 | U35: =COUNTIF(M35, "<30") -> 0 | V35: =COUNTIF(N35, "<30") -> 0 | W35: =COUNTIF(O35, "<30") -> 0 | X35: =COUNTIF(P35, "<30") -> 0 | Y35: =COUNTIF(Q35, "<30") -> 0 | Z35: =COUNTIF(S35:Y35, ">0") -> 2
A36: =A35+1 -> 33 | B36: E9453YC | C36: PT.PUSPITA CIPTA | D36: 46283 | E36: 46283 | H36: 46283 | J36: 46283 | K36: =IF(OR($AB$1="",D36=""),"",D36-$AB$1) -> -14 | L36: =IF(OR($AB$1="",E36=""),"",E36-$AB$1) -> -14 | M36: =IF(OR($AB$1="",F36=""),"",F36-$AB$1) | N36: =IF(OR($AB$1="",G36=""),"",G36-$AB$1) | O36: =IF(OR($AB$1="",I36=""),"",I36-$AB$1) | P36: =IF(OR($AB$1="",J36=""),"",J36-$AB$1) -> -14 | Q36: =IF(OR($AB$1="",J36=""),"",J36-$AB$1) -> -14 | S36: =COUNTIF(K36, "<30") -> 1 | T36: =COUNTIF(L36, "<30") -> 1 | U36: =COUNTIF(M36, "<30") -> 0 | V36: =COUNTIF(N36, "<30") -> 0 | W36: =COUNTIF(O36, "<30") -> 0 | X36: =COUNTIF(P36, "<30") -> 1 | Y36: =COUNTIF(Q36, "<30") -> 1 | Z36: =COUNTIF(S36:Y36, ">0") -> 4
A37: =A36+1 -> 34 | B37: E9493YC | C37: PT.PUSPITA CIPTA | D37: 46283 | E37: 46283 | H37: 46292 | J37: 46352 | K37: =IF(OR($AB$1="",D37=""),"",D37-$AB$1) -> -14 | L37: =IF(OR($AB$1="",E37=""),"",E37-$AB$1) -> -14 | M37: =IF(OR($AB$1="",F37=""),"",F37-$AB$1) | N37: =IF(OR($AB$1="",G37=""),"",G37-$AB$1) | O37: =IF(OR($AB$1="",I37=""),"",I37-$AB$1) | P37: =IF(OR($AB$1="",J37=""),"",J37-$AB$1) -> 55 | Q37: =IF(OR($AB$1="",J37=""),"",J37-$AB$1) -> 55 | S37: =COUNTIF(K37, "<30") -> 1 | T37: =COUNTIF(L37, "<30") -> 1 | U37: =COUNTIF(M37, "<30") -> 0 | V37: =COUNTIF(N37, "<30") -> 0 | W37: =COUNTIF(O37, "<30") -> 0 | X37: =COUNTIF(P37, "<30") -> 0 | Y37: =COUNTIF(Q37, "<30") -> 0 | Z37: =COUNTIF(S37:Y37, ">0") -> 2
A38: =A37+1 -> 35 | B38: E9495YC | C38: PT.PUSPITA CIPTA | D38: 46292 | E38: 46292 | H38: 46325 | J38: 46325 | K38: =IF(OR($AB$1="",D38=""),"",D38-$AB$1) -> -5 | L38: =IF(OR($AB$1="",E38=""),"",E38-$AB$1) -> -5 | M38: =IF(OR($AB$1="",F38=""),"",F38-$AB$1) | N38: =IF(OR($AB$1="",G38=""),"",G38-$AB$1) | O38: =IF(OR($AB$1="",I38=""),"",I38-$AB$1) | P38: =IF(OR($AB$1="",J38=""),"",J38-$AB$1) -> 28 | Q38: =IF(OR($AB$1="",J38=""),"",J38-$AB$1) -> 28 | S38: =COUNTIF(K38, "<30") -> 1 | T38: =COUNTIF(L38, "<30") -> 1 | U38: =COUNTIF(M38, "<30") -> 0 | V38: =COUNTIF(N38, "<30") -> 0 | W38: =COUNTIF(O38, "<30") -> 0 | X38: =COUNTIF(P38, "<30") -> 1 | Y38: =COUNTIF(Q38, "<30") -> 1 | Z38: =COUNTIF(S38:Y38, ">0") -> 4
A39: =A38+1 -> 36 | B39: E9496YC | C39: PT.PUSPITA CIPTA | D39: 46292 | E39: 46292 | H39: 46292 | J39: 46376 | K39: =IF(OR($AB$1="",D39=""),"",D39-$AB$1) -> -5 | L39: =IF(OR($AB$1="",E39=""),"",E39-$AB$1) -> -5 | M39: =IF(OR($AB$1="",F39=""),"",F39-$AB$1) | N39: =IF(OR($AB$1="",G39=""),"",G39-$AB$1) | O39: =IF(OR($AB$1="",I39=""),"",I39-$AB$1) | P39: =IF(OR($AB$1="",J39=""),"",J39-$AB$1) -> 79 | Q39: =IF(OR($AB$1="",J39=""),"",J39-$AB$1) -> 79 | S39: =COUNTIF(K39, "<30") -> 1 | T39: =COUNTIF(L39, "<30") -> 1 | U39: =COUNTIF(M39, "<30") -> 0 | V39: =COUNTIF(N39, "<30") -> 0 | W39: =COUNTIF(O39, "<30") -> 0 | X39: =COUNTIF(P39, "<30") -> 0 | Y39: =COUNTIF(Q39, "<30") -> 0 | Z39: =COUNTIF(S39:Y39, ">0") -> 2
A40: =A39+1 -> 37 | B40: E9512YC | C40: PT.PUSPITA CIPTA | D40: 46446 | E40: 46446 | H40: 46292 | J40: 46325 | K40: =IF(OR($AB$1="",D40=""),"",D40-$AB$1) -> 149 | L40: =IF(OR($AB$1="",E40=""),"",E40-$AB$1) -> 149 | M40: =IF(OR($AB$1="",F40=""),"",F40-$AB$1) | N40: =IF(OR($AB$1="",G40=""),"",G40-$AB$1) | O40: =IF(OR($AB$1="",I40=""),"",I40-$AB$1) | P40: =IF(OR($AB$1="",J40=""),"",J40-$AB$1) -> 28 | Q40: =IF(OR($AB$1="",J40=""),"",J40-$AB$1) -> 28 | S40: =COUNTIF(K40, "<30") -> 0 | T40: =COUNTIF(L40, "<30") -> 0 | U40: =COUNTIF(M40, "<30") -> 0 | V40: =COUNTIF(N40, "<30") -> 0 | W40: =COUNTIF(O40, "<30") -> 0 | X40: =COUNTIF(P40, "<30") -> 1 | Y40: =COUNTIF(Q40, "<30") -> 1 | Z40: =COUNTIF(S40:Y40, ">0") -> 2
A41: =A40+1 -> 38 | B41: E9535YC | C41: PT.PUSPITA CIPTA | D41: 46292 | E41: 46292 | H41: 46446 | J41: 46446 | K41: =IF(OR($AB$1="",D41=""),"",D41-$AB$1) -> -5 | L41: =IF(OR($AB$1="",E41=""),"",E41-$AB$1) -> -5 | M41: =IF(OR($AB$1="",F41=""),"",F41-$AB$1) | N41: =IF(OR($AB$1="",G41=""),"",G41-$AB$1) | O41: =IF(OR($AB$1="",I41=""),"",I41-$AB$1) | P41: =IF(OR($AB$1="",J41=""),"",J41-$AB$1) -> 149 | Q41: =IF(OR($AB$1="",J41=""),"",J41-$AB$1) -> 149 | S41: =COUNTIF(K41, "<30") -> 1 | T41: =COUNTIF(L41, "<30") -> 1 | U41: =COUNTIF(M41, "<30") -> 0 | V41: =COUNTIF(N41, "<30") -> 0 | W41: =COUNTIF(O41, "<30") -> 0 | X41: =COUNTIF(P41, "<30") -> 0 | Y41: =COUNTIF(Q41, "<30") -> 0 | Z41: =COUNTIF(S41:Y41, ">0") -> 2
A42: =A41+1 -> 39 | B42: E9536YC | C42: PT.PUSPITA CIPTA | D42: 46446 | E42: 46446 | H42: 46325 | J42: 46325 | K42: =IF(OR($AB$1="",D42=""),"",D42-$AB$1) -> 149 | L42: =IF(OR($AB$1="",E42=""),"",E42-$AB$1) -> 149 | P42: =IF(OR($AB$1="",J42=""),"",J42-$AB$1) -> 28 | Q42: =IF(OR($AB$1="",J42=""),"",J42-$AB$1) -> 28 | S42: =COUNTIF(K42, "<30") -> 0 | T42: =COUNTIF(L42, "<30") -> 0 | U42: =COUNTIF(M42, "<30") -> 0 | V42: =COUNTIF(N42, "<30") -> 0 | W42: =COUNTIF(O42, "<30") -> 0 | X42: =COUNTIF(P42, "<30") -> 1 | Y42: =COUNTIF(Q42, "<30") -> 1 | Z42: =COUNTIF(S42:Y42, ">0") -> 2
A43: =A42+1 -> 40 | B43: E9537YC | C43: PT.PUSPITA CIPTA | D43: 46446 | E43: 46446 | H43: 46292 | J43: 46292 | K43: =IF(OR($AB$1="",D43=""),"",D43-$AB$1) -> 149 | L43: =IF(OR($AB$1="",E43=""),"",E43-$AB$1) -> 149 | P43: =IF(OR($AB$1="",J43=""),"",J43-$AB$1) -> -5 | Q43: =IF(OR($AB$1="",J43=""),"",J43-$AB$1) -> -5
A44: =A43+1 -> 41 | B44: E9547YC | C44: PT. PUSPITA CIPTA | D44: 46446 | E44: 46446 | H44: 46418 | J44: 46418 | K44: =IF(OR($AB$1="",D44=""),"",D44-$AB$1) -> 149 | L44: =IF(OR($AB$1="",E44=""),"",E44-$AB$1) -> 149 | M44: =IF(OR($AB$1="",F44=""),"",F44-$AB$1) | N44: =IF(OR($AB$1="",G44=""),"",G44-$AB$1) | O44: =IF(OR($AB$1="",I44=""),"",I44-$AB$1) | P44: =IF(OR($AB$1="",J44=""),"",J44-$AB$1) -> 121 | Q44: =IF(OR($AB$1="",J44=""),"",J44-$AB$1) -> 121 | S44: =COUNTIF(K44, "<30") -> 0 | T44: =COUNTIF(L44, "<30") -> 0 | U44: =COUNTIF(M44, "<30") -> 0 | V44: =COUNTIF(N44, "<30") -> 0 | W44: =COUNTIF(O44, "<30") -> 0 | X44: =COUNTIF(P44, "<30") -> 0 | Y44: =COUNTIF(Q44, "<30") -> 0 | Z44: =COUNTIF(S44:Y44, ">0") -> 0
A45: =A44+1 -> 42 | B45: E9552YC | C45: PT. PUSPITA CIPTA | D45: 46325 | E45: 46325 | H45: 46325 | J45: 46325 | K45: =IF(OR($AB$1="",D45=""),"",D45-$AB$1) -> 28 | L45: =IF(OR($AB$1="",E45=""),"",E45-$AB$1) -> 28 | M45: =IF(OR($AB$1="",F45=""),"",F45-$AB$1) | N45: =IF(OR($AB$1="",G45=""),"",G45-$AB$1) | O45: =IF(OR($AB$1="",I45=""),"",I45-$AB$1) | P45: =IF(OR($AB$1="",J45=""),"",J45-$AB$1) -> 28 | Q45: =IF(OR($AB$1="",J45=""),"",J45-$AB$1) -> 28 | S45: =COUNTIF(K45, "<30") -> 1 | T45: =COUNTIF(L45, "<30") -> 1 | U45: =COUNTIF(M45, "<30") -> 0 | V45: =COUNTIF(N45, "<30") -> 0 | W45: =COUNTIF(O45, "<30") -> 0 | X45: =COUNTIF(P45, "<30") -> 1 | Y45: =COUNTIF(Q45, "<30") -> 1 | Z45: =COUNTIF(S45:Y45, ">0") -> 4
A46: =A45+1 -> 43 | B46: E9554YC | C46: PT. PUSPITA CIPTA | D46: 46325 | E46: 46325 | H46: 46325 | J46: 46325 | K46: =IF(OR($AB$1="",D46=""),"",D46-$AB$1) -> 28 | L46: =IF(OR($AB$1="",E46=""),"",E46-$AB$1) -> 28 | M46: =IF(OR($AB$1="",F46=""),"",F46-$AB$1) | N46: =IF(OR($AB$1="",G46=""),"",G46-$AB$1) | O46: =IF(OR($AB$1="",I46=""),"",I46-$AB$1) | P46: =IF(OR($AB$1="",J46=""),"",J46-$AB$1) -> 28 | Q46: =IF(OR($AB$1="",J46=""),"",J46-$AB$1) -> 28 | S46: =COUNTIF(K46, "<30") -> 1 | T46: =COUNTIF(L46, "<30") -> 1 | U46: =COUNTIF(M46, "<30") -> 0 | V46: =COUNTIF(N46, "<30") -> 0 | W46: =COUNTIF(O46, "<30") -> 0 | X46: =COUNTIF(P46, "<30") -> 1 | Y46: =COUNTIF(Q46, "<30") -> 1 | Z46: =COUNTIF(S46:Y46, ">0") -> 4
A47: =A46+1 -> 44 | B47: E9556YC | C47: PT. PUSPITA CIPTA | D47: 46325 | E47: 46325 | H47: 46325 | J47: 46325 | K47: =IF(OR($AB$1="",D47=""),"",D47-$AB$1) -> 28 | L47: =IF(OR($AB$1="",E47=""),"",E47-$AB$1) -> 28 | M47: =IF(OR($AB$1="",F47=""),"",F47-$AB$1) | N47: =IF(OR($AB$1="",G47=""),"",G47-$AB$1) | O47: =IF(OR($AB$1="",I47=""),"",I47-$AB$1) | P47: =IF(OR($AB$1="",J47=""),"",J47-$AB$1) -> 28 | Q47: =IF(OR($AB$1="",J47=""),"",J47-$AB$1) -> 28 | S47: =COUNTIF(K47, "<30") -> 1 | T47: =COUNTIF(L47, "<30") -> 1 | U47: =COUNTIF(M47, "<30") -> 0 | V47: =COUNTIF(N47, "<30") -> 0 | W47: =COUNTIF(O47, "<30") -> 0 | X47: =COUNTIF(P47, "<30") -> 1 | Y47: =COUNTIF(Q47, "<30") -> 1 | Z47: =COUNTIF(S47:Y47, ">0") -> 4
A48: =A47+1 -> 45 | B48: B9425TEK | C48: PT. PUSPITA CIPTA | F48: 46378 | G48: 46378 | I48: 46378 | J48: 46378 | K48: =IF(OR($AB$1="",D48=""),"",D48-$AB$1) | L48: =IF(OR($AB$1="",E48=""),"",E48-$AB$1) | M48: =IF(OR($AB$1="",F48=""),"",F48-$AB$1) -> 81 | N48: =IF(OR($AB$1="",G48=""),"",G48-$AB$1) -> 81 | O48: =IF(OR($AB$1="",I48=""),"",I48-$AB$1) -> 81 | P48: =IF(OR($AB$1="",J48=""),"",J48-$AB$1) -> 81 | Q48: =IF(OR($AB$1="",J48=""),"",J48-$AB$1) -> 81 | S48: =COUNTIF(K48, "<30") -> 0 | T48: =COUNTIF(L48, "<30") -> 0 | U48: =COUNTIF(M48, "<30") -> 0 | V48: =COUNTIF(N48, "<30") -> 0 | W48: =COUNTIF(O48, "<30") -> 0 | X48: =COUNTIF(P48, "<30") -> 0 | Y48: =COUNTIF(Q48, "<30") -> 0 | Z48: =COUNTIF(S48:Y48, ">0") -> 0
A49: =A48+1 -> 46 | B49: G9534OA | C49: PT. MURNI ADHI JAYA | F49: 46325 | H49: 46325 | I49: 46325 | J49: 46325 | K49: =IF(OR($AB$1="",D49=""),"",D49-$AB$1) | L49: =IF(OR($AB$1="",E49=""),"",E49-$AB$1) | M49: =IF(OR($AB$1="",F49=""),"",F49-$AB$1) -> 28 | N49: =IF(OR($AB$1="",G49=""),"",G49-$AB$1) | O49: =IF(OR($AB$1="",I49=""),"",I49-$AB$1) -> 28 | P49: =IF(OR($AB$1="",J49=""),"",J49-$AB$1) -> 28 | Q49: =IF(OR($AB$1="",J49=""),"",J49-$AB$1) -> 28 | S49: =COUNTIF(K49, "<30") -> 0 | T49: =COUNTIF(L49, "<30") -> 0 | U49: =COUNTIF(M49, "<30") -> 1 | V49: =COUNTIF(N49, "<30") -> 0 | W49: =COUNTIF(O49, "<30") -> 1 | X49: =COUNTIF(P49, "<30") -> 1 | Y49: =COUNTIF(Q49, "<30") -> 1 | Z49: =COUNTIF(S49:Y49, ">0") -> 4
A50: =A49+1 -> 47 | B50: G9532OA | C50: PT. MURNI ADHI JAYA | F50: 46270 | G50: 46270 | I50: 46270 | J50: 46270 | K50: =IF(OR($AB$1="",D50=""),"",D50-$AB$1) | L50: =IF(OR($AB$1="",E50=""),"",E50-$AB$1) | M50: =IF(OR($AB$1="",F50=""),"",F50-$AB$1) -> -27 | N50: =IF(OR($AB$1="",G50=""),"",G50-$AB$1) -> -27 | O50: =IF(OR($AB$1="",I50=""),"",I50-$AB$1) -> -27 | P50: =IF(OR($AB$1="",J50=""),"",J50-$AB$1) -> -27 | Q50: =IF(OR($AB$1="",J50=""),"",J50-$AB$1) -> -27 | S50: =COUNTIF(K50, "<30") -> 0 | T50: =COUNTIF(L50, "<30") -> 0 | U50: =COUNTIF(M50, "<30") -> 1 | V50: =COUNTIF(N50, "<30") -> 1 | W50: =COUNTIF(O50, "<30") -> 1 | X50: =COUNTIF(P50, "<30") -> 1 | Y50: =COUNTIF(Q50, "<30") -> 1 | Z50: =COUNTIF(S50:Y50, ">0") -> 5
A51: =A50+1 -> 48 | B51: G9214OA | C51: PT. MURNI ADHI JAYA | D51: 46446 | E51: 46446 | H51: 46418 | J51: 46418 | K51: =IF(OR($AB$1="",D51=""),"",D51-$AB$1) -> 149 | L51: =IF(OR($AB$1="",E51=""),"",E51-$AB$1) -> 149 | M51: =IF(OR($AB$1="",F51=""),"",F51-$AB$1) | N51: =IF(OR($AB$1="",G51=""),"",G51-$AB$1) | O51: =IF(OR($AB$1="",I51=""),"",I51-$AB$1) | P51: =IF(OR($AB$1="",J51=""),"",J51-$AB$1) -> 121 | Q51: =IF(OR($AB$1="",J51=""),"",J51-$AB$1) -> 121 | S51: =COUNTIF(K51, "<30") -> 0 | T51: =COUNTIF(L51, "<30") -> 0 | U51: =COUNTIF(M51, "<30") -> 0 | V51: =COUNTIF(N51, "<30") -> 0 | W51: =COUNTIF(O51, "<30") -> 0 | X51: =COUNTIF(P51, "<30") -> 0 | Y51: =COUNTIF(Q51, "<30") -> 0 | Z51: =COUNTIF(S51:Y51, ">0") -> 0
A52: =A51+1 -> 49 | B52: H8428OH | C52: PT. LUMAS BIRU MANDIRI | D52: 46254 | E52: 46254 | F52: 46352 | J52: 46352 | K52: =IF(OR($AB$1="",D52=""),"",D52-$AB$1) -> -43 | L52: =IF(OR($AB$1="",E52=""),"",E52-$AB$1) -> -43 | M52: =IF(OR($AB$1="",F52=""),"",F52-$AB$1) -> 55 | N52: =IF(OR($AB$1="",G52=""),"",G52-$AB$1) | O52: =IF(OR($AB$1="",I52=""),"",I52-$AB$1) | P52: =IF(OR($AB$1="",J52=""),"",J52-$AB$1) -> 55 | Q52: =IF(OR($AB$1="",J52=""),"",J52-$AB$1) -> 55 | S52: =COUNTIF(K52, "<30") -> 1 | T52: =COUNTIF(L52, "<30") -> 1 | U52: =COUNTIF(M52, "<30") -> 0 | V52: =COUNTIF(N52, "<30") -> 0 | W52: =COUNTIF(O52, "<30") -> 0 | X52: =COUNTIF(P52, "<30") -> 0 | Y52: =COUNTIF(Q52, "<30") -> 0 | Z52: =COUNTIF(S52:Y52, ">0") -> 2
A53: =A52+1 -> 50 | B53: H8481OH | C53: PT. LUMAS BIRU MANDIRI | D53: 46283 | E53: 46283 | F53: 46376 | J53: 46446 | K53: =IF(OR($AB$1="",D53=""),"",D53-$AB$1) -> -14 | L53: =IF(OR($AB$1="",E53=""),"",E53-$AB$1) -> -14 | M53: =IF(OR($AB$1="",F53=""),"",F53-$AB$1) -> 79 | N53: =IF(OR($AB$1="",G53=""),"",G53-$AB$1) | O53: =IF(OR($AB$1="",I53=""),"",I53-$AB$1) | P53: =IF(OR($AB$1="",J53=""),"",J53-$AB$1) -> 149 | Q53: =IF(OR($AB$1="",J53=""),"",J53-$AB$1) -> 149 | S53: =COUNTIF(K53, "<30") -> 1 | T53: =COUNTIF(L53, "<30") -> 1 | U53: =COUNTIF(M53, "<30") -> 0 | V53: =COUNTIF(N53, "<30") -> 0 | W53: =COUNTIF(O53, "<30") -> 0 | X53: =COUNTIF(P53, "<30") -> 0 | Y53: =COUNTIF(Q53, "<30") -> 0 | Z53: =COUNTIF(S53:Y53, ">0") -> 2
A54: =A53+1 -> 51 | B54: H9013OH | C54: PT. LUMAS BIRU MANDIRI | D54: 46446 | E54: 46446 | F54: 46229 | H54: FOAM RUSAK 1T | J54: 46229 | K54: =IF(OR($AB$1="",D54=""),"",D54-$AB$1) -> 149 | L54: =IF(OR($AB$1="",E54=""),"",E54-$AB$1) -> 149 | M54: =IF(OR($AB$1="",F54=""),"",F54-$AB$1) -> -68 | N54: =IF(OR($AB$1="",G54=""),"",G54-$AB$1) | O54: =IF(OR($AB$1="",I54=""),"",I54-$AB$1) | P54: =IF(OR($AB$1="",J54=""),"",J54-$AB$1) -> -68 | Q54: =IF(OR($AB$1="",J54=""),"",J54-$AB$1) -> -68 | S54: =COUNTIF(K54, "<30") -> 0 | T54: =COUNTIF(L54, "<30") -> 0 | U54: =COUNTIF(M54, "<30") -> 1 | V54: =COUNTIF(N54, "<30") -> 0 | W54: =COUNTIF(O54, "<30") -> 0 | X54: =COUNTIF(P54, "<30") -> 1 | Y54: =COUNTIF(Q54, "<30") -> 1 | Z54: =COUNTIF(S54:Y54, ">0") -> 3
A55: =A54+1 -> 52 | B55: H9155OF | C55: PT.LUMAS PRIMA | D55: 46325 | E55: 46325 | H55: 46325 | J55: 46325 | K55: =IF(OR($AB$1="",D55=""),"",D55-$AB$1) -> 28 | L55: =IF(OR($AB$1="",E55=""),"",E55-$AB$1) -> 28 | M55: =IF(OR($AB$1="",F55=""),"",F55-$AB$1) | N55: =IF(OR($AB$1="",G55=""),"",G55-$AB$1) | O55: =IF(OR($AB$1="",I55=""),"",I55-$AB$1) | P55: =IF(OR($AB$1="",J55=""),"",J55-$AB$1) -> 28 | Q55: =IF(OR($AB$1="",J55=""),"",J55-$AB$1) -> 28 | S55: =COUNTIF(K55, "<30") -> 1 | T55: =COUNTIF(L55, "<30") -> 1 | U55: =COUNTIF(M55, "<30") -> 0 | V55: =COUNTIF(N55, "<30") -> 0 | W55: =COUNTIF(O55, "<30") -> 0 | X55: =COUNTIF(P55, "<30") -> 1 | Y55: =COUNTIF(Q55, "<30") -> 1 | Z55: =COUNTIF(S55:Y55, ">0") -> 4
A56: =A55+1 -> 53 | B56: H9390OF | C56: PT. ADHI BUANA PERSADA | D56: 46283 | E56: 46283 | F56: 46418 | J56: 46283 | K56: =IF(OR($AB$1="",D56=""),"",D56-$AB$1) -> -14 | L56: =IF(OR($AB$1="",E56=""),"",E56-$AB$1) -> -14 | M56: =IF(OR($AB$1="",F56=""),"",F56-$AB$1) -> 121 | N56: =IF(OR($AB$1="",G56=""),"",G56-$AB$1) | O56: =IF(OR($AB$1="",I56=""),"",I56-$AB$1) | P56: =IF(OR($AB$1="",J56=""),"",J56-$AB$1) -> -14 | Q56: =IF(OR($AB$1="",J56=""),"",J56-$AB$1) -> -14 | S56: =COUNTIF(K56, "<30") -> 1 | T56: =COUNTIF(L56, "<30") -> 1 | U56: =COUNTIF(M56, "<30") -> 0 | V56: =COUNTIF(N56, "<30") -> 0 | W56: =COUNTIF(O56, "<30") -> 0 | X56: =COUNTIF(P56, "<30") -> 1 | Y56: =COUNTIF(Q56, "<30") -> 1 | Z56: =COUNTIF(S56:Y56, ">0") -> 4
A57: =A56+1 -> 54 | B57: H9391OF | C57: PT. ADHI BUANA PERSADA | D57: 46446 | E57: 46446 | F57: 46418 | J57: 46418 | K57: =IF(OR($AB$1="",D57=""),"",D57-$AB$1) -> 149 | L57: =IF(OR($AB$1="",E57=""),"",E57-$AB$1) -> 149 | M57: =IF(OR($AB$1="",F57=""),"",F57-$AB$1) -> 121 | N57: =IF(OR($AB$1="",G57=""),"",G57-$AB$1) | O57: =IF(OR($AB$1="",I57=""),"",I57-$AB$1) | P57: =IF(OR($AB$1="",J57=""),"",J57-$AB$1) -> 121 | Q57: =IF(OR($AB$1="",J57=""),"",J57-$AB$1) -> 121 | S57: =COUNTIF(K57, "<30") -> 0 | T57: =COUNTIF(L57, "<30") -> 0 | U57: =COUNTIF(M57, "<30") -> 0 | V57: =COUNTIF(N57, "<30") -> 0 | W57: =COUNTIF(O57, "<30") -> 0 | X57: =COUNTIF(P57, "<30") -> 0 | Y57: =COUNTIF(Q57, "<30") -> 0 | Z57: =COUNTIF(S57:Y57, ">0") -> 0
A58: =A57+1 -> 55 | B58: H9392OF | C58: PT. ADHI BUANA PERSADA | D58: 46292 | E58: 46292 | F58: 46325 | J58: 46376 | K58: =IF(OR($AB$1="",D58=""),"",D58-$AB$1) -> -5 | L58: =IF(OR($AB$1="",E58=""),"",E58-$AB$1) -> -5 | M58: =IF(OR($AB$1="",F58=""),"",F58-$AB$1) -> 28 | N58: =IF(OR($AB$1="",G58=""),"",G58-$AB$1) | O58: =IF(OR($AB$1="",I58=""),"",I58-$AB$1) | P58: =IF(OR($AB$1="",J58=""),"",J58-$AB$1) -> 79 | Q58: =IF(OR($AB$1="",J58=""),"",J58-$AB$1) -> 79 | S58: =COUNTIF(K58, "<30") -> 1 | T58: =COUNTIF(L58, "<30") -> 1 | U58: =COUNTIF(M58, "<30") -> 1 | V58: =COUNTIF(N58, "<30") -> 0 | W58: =COUNTIF(O58, "<30") -> 0 | X58: =COUNTIF(P58, "<30") -> 0 | Y58: =COUNTIF(Q58, "<30") -> 0 | Z58: =COUNTIF(S58:Y58, ">0") -> 3
A59: =A58+1 -> 56 | B59: H9536OH | C59: PT. LUMAS BIRU MANDIRI | F59: 46418 | G59: 46292 | H59: 46292 | I59: 46292 | J59: 46292 | K59: =IF(OR($AB$1="",D59=""),"",D59-$AB$1) | L59: =IF(OR($AB$1="",E59=""),"",E59-$AB$1) | M59: =IF(OR($AB$1="",F59=""),"",F59-$AB$1) -> 121 | N59: =IF(OR($AB$1="",G59=""),"",G59-$AB$1) -> -5 | O59: =IF(OR($AB$1="",I59=""),"",I59-$AB$1) -> -5 | P59: =IF(OR($AB$1="",J59=""),"",J59-$AB$1) -> -5 | Q59: =IF(OR($AB$1="",J59=""),"",J59-$AB$1) -> -5 | S59: =COUNTIF(K59, "<30") -> 0 | T59: =COUNTIF(L59, "<30") -> 0 | U59: =COUNTIF(M59, "<30") -> 0 | V59: =COUNTIF(N59, "<30") -> 1 | W59: =COUNTIF(O59, "<30") -> 1 | X59: =COUNTIF(P59, "<30") -> 1 | Y59: =COUNTIF(Q59, "<30") -> 1 | Z59: =COUNTIF(S59:Y59, ">0") -> 4
A60: =A59+1 -> 57 | B60: H9677OF | C60: PT. ADHI BUANA PERSADA | D60: 46325 | E60: 46325 | F60: 46254 | J60: 46254 | K60: =IF(OR($AB$1="",D60=""),"",D60-$AB$1) -> 28 | L60: =IF(OR($AB$1="",E60=""),"",E60-$AB$1) -> 28 | M60: =IF(OR($AB$1="",F60=""),"",F60-$AB$1) -> -43 | N60: =IF(OR($AB$1="",G60=""),"",G60-$AB$1) | O60: =IF(OR($AB$1="",I60=""),"",I60-$AB$1) | P60: =IF(OR($AB$1="",J60=""),"",J60-$AB$1) -> -43 | Q60: =IF(OR($AB$1="",J60=""),"",J60-$AB$1) -> -43 | S60: =COUNTIF(K60, "<30") -> 1 | T60: =COUNTIF(L60, "<30") -> 1 | U60: =COUNTIF(M60, "<30") -> 1 | V60: =COUNTIF(N60, "<30") -> 0 | W60: =COUNTIF(O60, "<30") -> 0 | X60: =COUNTIF(P60, "<30") -> 1 | Y60: =COUNTIF(Q60, "<30") -> 1 | Z60: =COUNTIF(S60:Y60, ">0") -> 5
A61: =A60+1 -> 58 | B61: H9698OF | C61: PT. ADHI BUANA PERSADA | D61: 46446 | E61: 46446 | F61: 46418 | J61: 46254 | K61: =IF(OR($AB$1="",D61=""),"",D61-$AB$1) -> 149 | L61: =IF(OR($AB$1="",E61=""),"",E61-$AB$1) -> 149 | M61: =IF(OR($AB$1="",F61=""),"",F61-$AB$1) -> 121 | N61: =IF(OR($AB$1="",G61=""),"",G61-$AB$1) | O61: =IF(OR($AB$1="",I61=""),"",I61-$AB$1) | P61: =IF(OR($AB$1="",J61=""),"",J61-$AB$1) -> -43 | Q61: =IF(OR($AB$1="",J61=""),"",J61-$AB$1) -> -43 | S61: =COUNTIF(K61, "<30") -> 0 | T61: =COUNTIF(L61, "<30") -> 0 | U61: =COUNTIF(M61, "<30") -> 0 | V61: =COUNTIF(N61, "<30") -> 0 | W61: =COUNTIF(O61, "<30") -> 0 | X61: =COUNTIF(P61, "<30") -> 1 | Y61: =COUNTIF(Q61, "<30") -> 1 | Z61: =COUNTIF(S61:Y61, ">0") -> 2
A62: =A61+1 -> 59 | B62: H9771OF | C62: PT. LUMAS BIRU PRIMA | D62: 46418 | E62: 46418 | F62: 46254 | J62: 46283 | K62: =IF(OR($AB$1="",D62=""),"",D62-$AB$1) -> 121 | L62: =IF(OR($AB$1="",E62=""),"",E62-$AB$1) -> 121 | M62: =IF(OR($AB$1="",F62=""),"",F62-$AB$1) -> -43 | N62: =IF(OR($AB$1="",G62=""),"",G62-$AB$1) | O62: =IF(OR($AB$1="",I62=""),"",I62-$AB$1) | P62: =IF(OR($AB$1="",J62=""),"",J62-$AB$1) -> -14 | Q62: =IF(OR($AB$1="",J62=""),"",J62-$AB$1) -> -14 | S62: =COUNTIF(K62, "<30") -> 0 | T62: =COUNTIF(L62, "<30") -> 0 | U62: =COUNTIF(M62, "<30") -> 1 | V62: =COUNTIF(N62, "<30") -> 0 | W62: =COUNTIF(O62, "<30") -> 0 | X62: =COUNTIF(P62, "<30") -> 1 | Y62: =COUNTIF(Q62, "<30") -> 1 | Z62: =COUNTIF(S62:Y62, ">0") -> 3
A63: =A62+1 -> 60 | B63: H9739OH | C63: PT. ADHI BUANA PERSADA | F63: 46376 | G63: 46376 | I63: 46376 | J63: 46376 | K63: =IF(OR($AB$1="",D63=""),"",D63-$AB$1) | L63: =IF(OR($AB$1="",E63=""),"",E63-$AB$1) | M63: =IF(OR($AB$1="",F63=""),"",F63-$AB$1) -> 79 | N63: =IF(OR($AB$1="",G63=""),"",G63-$AB$1) -> 79 | O63: =IF(OR($AB$1="",I63=""),"",I63-$AB$1) -> 79 | P63: =IF(OR($AB$1="",J63=""),"",J63-$AB$1) -> 79 | Q63: =IF(OR($AB$1="",J63=""),"",J63-$AB$1) -> 79 | S63: =COUNTIF(K63, "<30") -> 0 | T63: =COUNTIF(L63, "<30") -> 0 | U63: =COUNTIF(M63, "<30") -> 0 | V63: =COUNTIF(N63, "<30") -> 0 | W63: =COUNTIF(O63, "<30") -> 0 | X63: =COUNTIF(P63, "<30") -> 0 | Y63: =COUNTIF(Q63, "<30") -> 0 | Z63: =COUNTIF(S63:Y63, ">0") -> 0
A64: =A63+1 -> 61 | B64: H9740OH | C64: PT. ADHI BUANA PERSADA | F64: 46376 | G64: 46376 | I64: 46418 | J64: 46376 | K64: =IF(OR($AB$1="",D64=""),"",D64-$AB$1) | L64: =IF(OR($AB$1="",E64=""),"",E64-$AB$1) | M64: =IF(OR($AB$1="",F64=""),"",F64-$AB$1) -> 79 | N64: =IF(OR($AB$1="",G64=""),"",G64-$AB$1) -> 79 | O64: =IF(OR($AB$1="",I64=""),"",I64-$AB$1) -> 121 | P64: =IF(OR($AB$1="",J64=""),"",J64-$AB$1) -> 79 | Q64: =IF(OR($AB$1="",J64=""),"",J64-$AB$1) -> 79 | S64: =COUNTIF(K64, "<30") -> 0 | T64: =COUNTIF(L64, "<30") -> 0 | U64: =COUNTIF(M64, "<30") -> 0 | V64: =COUNTIF(N64, "<30") -> 0 | W64: =COUNTIF(O64, "<30") -> 0 | X64: =COUNTIF(P64, "<30") -> 0 | Y64: =COUNTIF(Q64, "<30") -> 0 | Z64: =COUNTIF(S64:Y64, ">0") -> 0
A65: =A64+1 -> 62 | B65: N8021UEA | C65: PT DHARMA CITRA ENERGI | D65: 46292 | E65: 46292 | F65: 46292 | J65: 46292 | K65: =IF(OR($AB$1="",D65=""),"",D65-$AB$1) -> -5 | L65: =IF(OR($AB$1="",E65=""),"",E65-$AB$1) -> -5 | M65: =IF(OR($AB$1="",F65=""),"",F65-$AB$1) -> -5 | N65: =IF(OR($AB$1="",G65=""),"",G65-$AB$1) | O65: =IF(OR($AB$1="",I65=""),"",I65-$AB$1) | P65: =IF(OR($AB$1="",J65=""),"",J65-$AB$1) -> -5 | Q65: =IF(OR($AB$1="",J65=""),"",J65-$AB$1) -> -5 | S65: =COUNTIF(K65, "<30") -> 1 | T65: =COUNTIF(L65, "<30") -> 1 | U65: =COUNTIF(M65, "<30") -> 1 | V65: =COUNTIF(N65, "<30") -> 0 | W65: =COUNTIF(O65, "<30") -> 0 | X65: =COUNTIF(P65, "<30") -> 1 | Y65: =COUNTIF(Q65, "<30") -> 1 | Z65: =COUNTIF(S65:Y65, ">0") -> 5
A66: =A65+1 -> 63 | B66: N8054UEA | C66: PT DHARMA CITRA ENERGI | F66: 46418 | G66: 46418 | I66: 46418 | J66: 46376 | K66: =IF(OR($AB$1="",D66=""),"",D66-$AB$1) | L66: =IF(OR($AB$1="",E66=""),"",E66-$AB$1) | M66: =IF(OR($AB$1="",F66=""),"",F66-$AB$1) -> 121 | N66: =IF(OR($AB$1="",G66=""),"",G66-$AB$1) -> 121 | O66: =IF(OR($AB$1="",I66=""),"",I66-$AB$1) -> 121 | P66: =IF(OR($AB$1="",J66=""),"",J66-$AB$1) -> 79 | Q66: =IF(OR($AB$1="",J66=""),"",J66-$AB$1) -> 79 | S66: =COUNTIF(K66, "<30") -> 0 | T66: =COUNTIF(L66, "<30") -> 0 | U66: =COUNTIF(M66, "<30") -> 0 | V66: =COUNTIF(N66, "<30") -> 0 | W66: =COUNTIF(O66, "<30") -> 0 | X66: =COUNTIF(P66, "<30") -> 0 | Y66: =COUNTIF(Q66, "<30") -> 0 | Z66: =COUNTIF(S66:Y66, ">0") -> 0
A67: =A66+1 -> 64 | B67: N8533UG | C67: PT. SINAR WAHANA SURYA | D67: 46446 | E67: 46446 | F67: 46446 | J67: 46446 | K67: =IF(OR($AB$1="",D67=""),"",D67-$AB$1) -> 149 | L67: =IF(OR($AB$1="",E67=""),"",E67-$AB$1) -> 149 | M67: =IF(OR($AB$1="",F67=""),"",F67-$AB$1) -> 149 | N67: =IF(OR($AB$1="",G67=""),"",G67-$AB$1) | O67: =IF(OR($AB$1="",I67=""),"",I67-$AB$1) | P67: =IF(OR($AB$1="",J67=""),"",J67-$AB$1) -> 149 | Q67: =IF(OR($AB$1="",J67=""),"",J67-$AB$1) -> 149 | S67: =COUNTIF(K67, "<30") -> 0 | T67: =COUNTIF(L67, "<30") -> 0 | U67: =COUNTIF(M67, "<30") -> 0 | V67: =COUNTIF(N67, "<30") -> 0 | W67: =COUNTIF(O67, "<30") -> 0 | X67: =COUNTIF(P67, "<30") -> 0 | Y67: =COUNTIF(Q67, "<30") -> 0 | Z67: =COUNTIF(S67:Y67, ">0") -> 0
A68: =A67+1 -> 65 | B68: N8641UH | C68: PT. DHARMA CITRA ENERGI | D68: 46376 | E68: 46376 | F68: 46446 | J68: 46446 | K68: =IF(OR($AB$1="",D68=""),"",D68-$AB$1) -> 79 | L68: =IF(OR($AB$1="",E68=""),"",E68-$AB$1) -> 79 | M68: =IF(OR($AB$1="",F68=""),"",F68-$AB$1) -> 149 | N68: =IF(OR($AB$1="",G68=""),"",G68-$AB$1) | O68: =IF(OR($AB$1="",I68=""),"",I68-$AB$1) | P68: =IF(OR($AB$1="",J68=""),"",J68-$AB$1) -> 149 | Q68: =IF(OR($AB$1="",J68=""),"",J68-$AB$1) -> 149 | S68: =COUNTIF(K68, "<30") -> 0 | T68: =COUNTIF(L68, "<30") -> 0 | U68: =COUNTIF(M68, "<30") -> 0 | V68: =COUNTIF(N68, "<30") -> 0 | W68: =COUNTIF(O68, "<30") -> 0 | X68: =COUNTIF(P68, "<30") -> 0 | Y68: =COUNTIF(Q68, "<30") -> 0 | Z68: =COUNTIF(S68:Y68, ">0") -> 0
A69: =A68+1 -> 66 | B69: N8864UG | C69: PT DHARMA CITRA ENERGI | D69: 46446 | E69: 46446 | F69: 46254 | J69: 46446 | K69: =IF(OR($AB$1="",D69=""),"",D69-$AB$1) -> 149 | L69: =IF(OR($AB$1="",E69=""),"",E69-$AB$1) -> 149 | M69: =IF(OR($AB$1="",F69=""),"",F69-$AB$1) -> -43 | N69: =IF(OR($AB$1="",G69=""),"",G69-$AB$1) | O69: =IF(OR($AB$1="",I69=""),"",I69-$AB$1) | P69: =IF(OR($AB$1="",J69=""),"",J69-$AB$1) -> 149 | Q69: =IF(OR($AB$1="",J69=""),"",J69-$AB$1) -> 149 | S69: =COUNTIF(K69, "<30") -> 0 | T69: =COUNTIF(L69, "<30") -> 0 | U69: =COUNTIF(M69, "<30") -> 1 | V69: =COUNTIF(N69, "<30") -> 0 | W69: =COUNTIF(O69, "<30") -> 0 | X69: =COUNTIF(P69, "<30") -> 0 | Y69: =COUNTIF(Q69, "<30") -> 0 | Z69: =COUNTIF(S69:Y69, ">0") -> 1
A70: =A69+1 -> 67 | B70: N8869UF | C70: PT DHARMA CITRA ENERGI | D70: 46446 | E70: 46446 | F70: 46418 | J70: 46446 | K70: =IF(OR($AB$1="",D70=""),"",D70-$AB$1) -> 149 | L70: =IF(OR($AB$1="",E70=""),"",E70-$AB$1) -> 149 | M70: =IF(OR($AB$1="",F70=""),"",F70-$AB$1) -> 121 | N70: =IF(OR($AB$1="",G70=""),"",G70-$AB$1) | O70: =IF(OR($AB$1="",I70=""),"",I70-$AB$1) | P70: =IF(OR($AB$1="",J70=""),"",J70-$AB$1) -> 149 | Q70: =IF(OR($AB$1="",J70=""),"",J70-$AB$1) -> 149 | S70: =COUNTIF(K70, "<30") -> 0 | T70: =COUNTIF(L70, "<30") -> 0 | U70: =COUNTIF(M70, "<30") -> 0 | V70: =COUNTIF(N70, "<30") -> 0 | W70: =COUNTIF(O70, "<30") -> 0 | X70: =COUNTIF(P70, "<30") -> 0 | Y70: =COUNTIF(Q70, "<30") -> 0 | Z70: =COUNTIF(S70:Y70, ">0") -> 0
A71: =A70+1 -> 68 | B71: N9086UI | C71: PT. SINAR WAHANA SURYA | D71: 46283 | E71: 46283 | F71: 46325 | J71: 46325 | K71: =IF(OR($AB$1="",D71=""),"",D71-$AB$1) -> -14 | L71: =IF(OR($AB$1="",E71=""),"",E71-$AB$1) -> -14 | M71: =IF(OR($AB$1="",F71=""),"",F71-$AB$1) -> 28 | N71: =IF(OR($AB$1="",G71=""),"",G71-$AB$1) | O71: =IF(OR($AB$1="",I71=""),"",I71-$AB$1) | P71: =IF(OR($AB$1="",J71=""),"",J71-$AB$1) -> 28 | Q71: =IF(OR($AB$1="",J71=""),"",J71-$AB$1) -> 28 | S71: =COUNTIF(K71, "<30") -> 1 | T71: =COUNTIF(L71, "<30") -> 1 | U71: =COUNTIF(M71, "<30") -> 1 | V71: =COUNTIF(N71, "<30") -> 0 | W71: =COUNTIF(O71, "<30") -> 0 | X71: =COUNTIF(P71, "<30") -> 1 | Y71: =COUNTIF(Q71, "<30") -> 1 | Z71: =COUNTIF(S71:Y71, ">0") -> 5
A72: =A71+1 -> 69 | B72: N9326UI | C72: PT. SINAR WAHANA SURYA | D72: 46283 | E72: 46283 | F72: 46352 | J72: 46352 | K72: =IF(OR($AB$1="",D72=""),"",D72-$AB$1) -> -14 | L72: =IF(OR($AB$1="",E72=""),"",E72-$AB$1) -> -14 | M72: =IF(OR($AB$1="",F72=""),"",F72-$AB$1) -> 55 | N72: =IF(OR($AB$1="",G72=""),"",G72-$AB$1) | O72: =IF(OR($AB$1="",I72=""),"",I72-$AB$1) | P72: =IF(OR($AB$1="",J72=""),"",J72-$AB$1) -> 55 | Q72: =IF(OR($AB$1="",J72=""),"",J72-$AB$1) -> 55 | S72: =COUNTIF(K72, "<30") -> 1 | T72: =COUNTIF(L72, "<30") -> 1 | U72: =COUNTIF(M72, "<30") -> 0 | V72: =COUNTIF(N72, "<30") -> 0 | W72: =COUNTIF(O72, "<30") -> 0 | X72: =COUNTIF(P72, "<30") -> 0 | Y72: =COUNTIF(Q72, "<30") -> 0 | Z72: =COUNTIF(S72:Y72, ">0") -> 2
A73: =A72+1 -> 70 | B73: N9369UI | C73: PT. SINAR WAHANA SURYA | D73: 46446 | E73: 46446 | F73: 46376 | J73: 46446 | K73: =IF(OR($AB$1="",D73=""),"",D73-$AB$1) -> 149 | L73: =IF(OR($AB$1="",E73=""),"",E73-$AB$1) -> 149 | M73: =IF(OR($AB$1="",F73=""),"",F73-$AB$1) -> 79 | N73: =IF(OR($AB$1="",G73=""),"",G73-$AB$1) | O73: =IF(OR($AB$1="",I73=""),"",I73-$AB$1) | P73: =IF(OR($AB$1="",J73=""),"",J73-$AB$1) -> 149 | Q73: =IF(OR($AB$1="",J73=""),"",J73-$AB$1) -> 149 | S73: =COUNTIF(K73, "<30") -> 0 | T73: =COUNTIF(L73, "<30") -> 0 | U73: =COUNTIF(M73, "<30") -> 0 | V73: =COUNTIF(N73, "<30") -> 0 | W73: =COUNTIF(O73, "<30") -> 0 | X73: =COUNTIF(P73, "<30") -> 0 | Y73: =COUNTIF(Q73, "<30") -> 0 | Z73: =COUNTIF(S73:Y73, ">0") -> 0
A74: =A73+1 -> 71 | B74: N9405UH | C74: PT DHARMA CITRA ENERGI | D74: 46418 | E74: 46418 | F74: 46283 | J74: 46283 | K74: =IF(OR($AB$1="",D74=""),"",D74-$AB$1) -> 121 | L74: =IF(OR($AB$1="",E74=""),"",E74-$AB$1) -> 121 | M74: =IF(OR($AB$1="",F74=""),"",F74-$AB$1) -> -14 | N74: =IF(OR($AB$1="",G74=""),"",G74-$AB$1) | O74: =IF(OR($AB$1="",I74=""),"",I74-$AB$1) | P74: =IF(OR($AB$1="",J74=""),"",J74-$AB$1) -> -14 | Q74: =IF(OR($AB$1="",J74=""),"",J74-$AB$1) -> -14 | S74: =COUNTIF(K74, "<30") -> 0 | T74: =COUNTIF(L74, "<30") -> 0 | U74: =COUNTIF(M74, "<30") -> 1 | V74: =COUNTIF(N74, "<30") -> 0 | W74: =COUNTIF(O74, "<30") -> 0 | X74: =COUNTIF(P74, "<30") -> 1 | Y74: =COUNTIF(Q74, "<30") -> 1 | Z74: =COUNTIF(S74:Y74, ">0") -> 3
A75: =A74+1 -> 72 | B75: N9657UI | C75: PT. SINAR WAHANA SURYA | D75: 46446 | E75: 46446 | F75: 46254 | J75: 46254 | K75: =IF(OR($AB$1="",D75=""),"",D75-$AB$1) -> 149 | L75: =IF(OR($AB$1="",E75=""),"",E75-$AB$1) -> 149 | M75: =IF(OR($AB$1="",F75=""),"",F75-$AB$1) -> -43 | N75: =IF(OR($AB$1="",G75=""),"",G75-$AB$1) | O75: =IF(OR($AB$1="",I75=""),"",I75-$AB$1) | P75: =IF(OR($AB$1="",J75=""),"",J75-$AB$1) -> -43 | Q75: =IF(OR($AB$1="",J75=""),"",J75-$AB$1) -> -43 | S75: =COUNTIF(K75, "<30") -> 0 | T75: =COUNTIF(L75, "<30") -> 0 | U75: =COUNTIF(M75, "<30") -> 1 | V75: =COUNTIF(N75, "<30") -> 0 | W75: =COUNTIF(O75, "<30") -> 0 | X75: =COUNTIF(P75, "<30") -> 1 | Y75: =COUNTIF(Q75, "<30") -> 1 | Z75: =COUNTIF(S75:Y75, ">0") -> 3
A76: =A75+1 -> 73 | B76: N9865UJ | C76: PT. DHARMA CITRA ENERGI | D76: 46254 | E76: 46254 | F76: 46283 | J76: 46283 | K76: =IF(OR($AB$1="",D76=""),"",D76-$AB$1) -> -43 | L76: =IF(OR($AB$1="",E76=""),"",E76-$AB$1) -> -43 | M76: =IF(OR($AB$1="",F76=""),"",F76-$AB$1) -> -14 | N76: =IF(OR($AB$1="",G76=""),"",G76-$AB$1) | O76: =IF(OR($AB$1="",I76=""),"",I76-$AB$1) | P76: =IF(OR($AB$1="",J76=""),"",J76-$AB$1) -> -14 | Q76: =IF(OR($AB$1="",J76=""),"",J76-$AB$1) -> -14 | S76: =COUNTIF(K76, "<30") -> 1 | T76: =COUNTIF(L76, "<30") -> 1 | U76: =COUNTIF(M76, "<30") -> 1 | V76: =COUNTIF(N76, "<30") -> 0 | W76: =COUNTIF(O76, "<30") -> 0 | X76: =COUNTIF(P76, "<30") -> 1 | Y76: =COUNTIF(Q76, "<30") -> 1 | Z76: =COUNTIF(S76:Y76, ">0") -> 5
A77: =A76+1 -> 74 | B77: R8435CM | C77: PT. KATRACO PUTRA SELARAS | D77: 46254 | E77: 46254 | H77: 46292 | J77: 46418 | K77: =IF(OR($AB$1="",D77=""),"",D77-$AB$1) -> -43 | L77: =IF(OR($AB$1="",E77=""),"",E77-$AB$1) -> -43 | M77: =IF(OR($AB$1="",F77=""),"",F77-$AB$1) | N77: =IF(OR($AB$1="",G77=""),"",G77-$AB$1) | O77: =IF(OR($AB$1="",I77=""),"",I77-$AB$1) | P77: =IF(OR($AB$1="",J77=""),"",J77-$AB$1) -> 121 | Q77: =IF(OR($AB$1="",J77=""),"",J77-$AB$1) -> 121 | S77: =COUNTIF(K77, "<30") -> 1 | T77: =COUNTIF(L77, "<30") -> 1 | U77: =COUNTIF(M77, "<30") -> 0 | V77: =COUNTIF(N77, "<30") -> 0 | W77: =COUNTIF(O77, "<30") -> 0 | X77: =COUNTIF(P77, "<30") -> 0 | Y77: =COUNTIF(Q77, "<30") -> 0 | Z77: =COUNTIF(S77:Y77, ">0") -> 2
A78: =A77+1 -> 75 | B78: R9237IH | C78: PT. SATU HATI | D78: 46283 | E78: 46283 | H78: 46352 | J78: 46352 | K78: =IF(OR($AB$1="",D78=""),"",D78-$AB$1) -> -14 | L78: =IF(OR($AB$1="",E78=""),"",E78-$AB$1) -> -14 | M78: =IF(OR($AB$1="",F78=""),"",F78-$AB$1) | N78: =IF(OR($AB$1="",G78=""),"",G78-$AB$1) | O78: =IF(OR($AB$1="",I78=""),"",I78-$AB$1) | P78: =IF(OR($AB$1="",J78=""),"",J78-$AB$1) -> 55 | Q78: =IF(OR($AB$1="",J78=""),"",J78-$AB$1) -> 55 | S78: =COUNTIF(K78, "<30") -> 1 | T78: =COUNTIF(L78, "<30") -> 1 | U78: =COUNTIF(M78, "<30") -> 0 | V78: =COUNTIF(N78, "<30") -> 0 | W78: =COUNTIF(O78, "<30") -> 0 | X78: =COUNTIF(P78, "<30") -> 0 | Y78: =COUNTIF(Q78, "<30") -> 0 | Z78: =COUNTIF(S78:Y78, ">0") -> 2
A79: =A78+1 -> 76 | B79: R9238IH | C79: PT. SATU HATI | D79: 46283 | E79: 46283 | H79: 46325 | J79: 46325 | K79: =IF(OR($AB$1="",D79=""),"",D79-$AB$1) -> -14 | L79: =IF(OR($AB$1="",E79=""),"",E79-$AB$1) -> -14 | M79: =IF(OR($AB$1="",F79=""),"",F79-$AB$1) | N79: =IF(OR($AB$1="",G79=""),"",G79-$AB$1) | O79: =IF(OR($AB$1="",I79=""),"",I79-$AB$1) | P79: =IF(OR($AB$1="",J79=""),"",J79-$AB$1) -> 28 | Q79: =IF(OR($AB$1="",J79=""),"",J79-$AB$1) -> 28 | S79: =COUNTIF(K79, "<30") -> 1 | T79: =COUNTIF(L79, "<30") -> 1 | U79: =COUNTIF(M79, "<30") -> 0 | V79: =COUNTIF(N79, "<30") -> 0 | W79: =COUNTIF(O79, "<30") -> 0 | X79: =COUNTIF(P79, "<30") -> 1 | Y79: =COUNTIF(Q79, "<30") -> 1 | Z79: =COUNTIF(S79:Y79, ">0") -> 4
A80: =A79+1 -> 77 | B80: R9839BR | C80: PT. SATU HATI | D80: 46418 | E80: 46418 | H80: 46418 | J80: 46292 | K80: =IF(OR($AB$1="",D80=""),"",D80-$AB$1) -> 121 | L80: =IF(OR($AB$1="",E80=""),"",E80-$AB$1) -> 121 | M80: =IF(OR($AB$1="",F80=""),"",F80-$AB$1) | N80: =IF(OR($AB$1="",G80=""),"",G80-$AB$1) | O80: =IF(OR($AB$1="",I80=""),"",I80-$AB$1) | P80: =IF(OR($AB$1="",J80=""),"",J80-$AB$1) -> -5 | Q80: =IF(OR($AB$1="",J80=""),"",J80-$AB$1) -> -5 | S80: =COUNTIF(K80, "<30") -> 0 | T80: =COUNTIF(L80, "<30") -> 0 | U80: =COUNTIF(M80, "<30") -> 0 | V80: =COUNTIF(N80, "<30") -> 0 | W80: =COUNTIF(O80, "<30") -> 0 | X80: =COUNTIF(P80, "<30") -> 1 | Y80: =COUNTIF(Q80, "<30") -> 1 | Z80: =COUNTIF(S80:Y80, ">0") -> 2
A81: =A80+1 -> 78 | B81: R9564B | C81: PT. SERAYU MITRA JAYA | D81: 46254 | E81: 46254 | H81: 46283 | J81: 46283 | K81: =IF(OR($AB$1="",D81=""),"",D81-$AB$1) -> -43 | L81: =IF(OR($AB$1="",E81=""),"",E81-$AB$1) -> -43 | M81: =IF(OR($AB$1="",F81=""),"",F81-$AB$1) | N81: =IF(OR($AB$1="",G81=""),"",G81-$AB$1) | O81: =IF(OR($AB$1="",I81=""),"",I81-$AB$1) | P81: =IF(OR($AB$1="",J81=""),"",J81-$AB$1) -> -14 | Q81: =IF(OR($AB$1="",J81=""),"",J81-$AB$1) -> -14 | S81: =COUNTIF(K81, "<30") -> 1 | T81: =COUNTIF(L81, "<30") -> 1 | U81: =COUNTIF(M81, "<30") -> 0 | V81: =COUNTIF(N81, "<30") -> 0 | W81: =COUNTIF(O81, "<30") -> 0 | X81: =COUNTIF(P81, "<30") -> 1 | Y81: =COUNTIF(Q81, "<30") -> 1 | Z81: =COUNTIF(S81:Y81, ">0") -> 4
A82: =A81+1 -> 79 | B82: R9674B | C82: PT. SERAYU MITRA JAYA | D82: 46283 | E82: 46283 | H82: 46352 | J82: 46325 | K82: =IF(OR($AB$1="",D82=""),"",D82-$AB$1) -> -14 | L82: =IF(OR($AB$1="",E82=""),"",E82-$AB$1) -> -14 | M82: =IF(OR($AB$1="",F82=""),"",F82-$AB$1) | N82: =IF(OR($AB$1="",G82=""),"",G82-$AB$1) | O82: =IF(OR($AB$1="",I82=""),"",I82-$AB$1) | P82: =IF(OR($AB$1="",J82=""),"",J82-$AB$1) -> 28 | Q82: =IF(OR($AB$1="",J82=""),"",J82-$AB$1) -> 28 | S82: =COUNTIF(K82, "<30") -> 1 | T82: =COUNTIF(L82, "<30") -> 1 | U82: =COUNTIF(M82, "<30") -> 0 | V82: =COUNTIF(N82, "<30") -> 0 | W82: =COUNTIF(O82, "<30") -> 0 | X82: =COUNTIF(P82, "<30") -> 1 | Y82: =COUNTIF(Q82, "<30") -> 1 | Z82: =COUNTIF(S82:Y82, ">0") -> 4
A83: =A82+1 -> 80 | B83: R9675B | C83: PT. SERAYU MITRA JAYA | D83: 46254 | E83: 46254 | H83: 46292 | J83: 46325 | K83: =IF(OR($AB$1="",D83=""),"",D83-$AB$1) -> -43 | L83: =IF(OR($AB$1="",E83=""),"",E83-$AB$1) -> -43 | M83: =IF(OR($AB$1="",F83=""),"",F83-$AB$1) | N83: =IF(OR($AB$1="",G83=""),"",G83-$AB$1) | O83: =IF(OR($AB$1="",I83=""),"",I83-$AB$1) | P83: =IF(OR($AB$1="",J83=""),"",J83-$AB$1) -> 28 | Q83: =IF(OR($AB$1="",J83=""),"",J83-$AB$1) -> 28 | S83: =COUNTIF(K83, "<30") -> 1 | T83: =COUNTIF(L83, "<30") -> 1 | U83: =COUNTIF(M83, "<30") -> 0 | V83: =COUNTIF(N83, "<30") -> 0 | W83: =COUNTIF(O83, "<30") -> 0 | X83: =COUNTIF(P83, "<30") -> 1 | Y83: =COUNTIF(Q83, "<30") -> 1 | Z83: =COUNTIF(S83:Y83, ">0") -> 4
A84: =A83+1 -> 81 | B84: R8114K | C84: PT. SERAYU MITRA JAYA | D84: 46418 | E84: 46418 | F84: 46376 | J84: 46418 | K84: =IF(OR($AB$1="",D84=""),"",D84-$AB$1) -> 121 | L84: =IF(OR($AB$1="",E84=""),"",E84-$AB$1) -> 121 | M84: =IF(OR($AB$1="",F84=""),"",F84-$AB$1) -> 79 | N84: =IF(OR($AB$1="",G84=""),"",G84-$AB$1) | O84: =IF(OR($AB$1="",I84=""),"",I84-$AB$1) | P84: =IF(OR($AB$1="",J84=""),"",J84-$AB$1) -> 121 | Q84: =IF(OR($AB$1="",J84=""),"",J84-$AB$1) -> 121 | S84: =COUNTIF(K84, "<30") -> 0 | T84: =COUNTIF(L84, "<30") -> 0 | U84: =COUNTIF(M84, "<30") -> 0 | V84: =COUNTIF(N84, "<30") -> 0 | W84: =COUNTIF(O84, "<30") -> 0 | X84: =COUNTIF(P84, "<30") -> 0 | Y84: =COUNTIF(Q84, "<30") -> 0 | Z84: =COUNTIF(S84:Y84, ">0") -> 0
A85: =A84+1 -> 82 | B85: B9234SFV | C85: PT. PPN | D85: 46292 | E85: 46292 | H85: 46292 | J85: 46352 | K85: =IF(OR($AB$1="",D85=""),"",D85-$AB$1) -> -5 | L85: =IF(OR($AB$1="",E85=""),"",E85-$AB$1) -> -5 | M85: =IF(OR($AB$1="",F85=""),"",F85-$AB$1) | N85: =IF(OR($AB$1="",G85=""),"",G85-$AB$1) | O85: =IF(OR($AB$1="",I85=""),"",I85-$AB$1) | P85: =IF(OR($AB$1="",J85=""),"",J85-$AB$1) -> 55 | Q85: =IF(OR($AB$1="",J85=""),"",J85-$AB$1) -> 55 | S85: =COUNTIF(K85, "<30") -> 1 | T85: =COUNTIF(L85, "<30") -> 1 | U85: =COUNTIF(M85, "<30") -> 0 | V85: =COUNTIF(N85, "<30") -> 0 | W85: =COUNTIF(O85, "<30") -> 0 | X85: =COUNTIF(P85, "<30") -> 0 | Y85: =COUNTIF(Q85, "<30") -> 0 | Z85: =COUNTIF(S85:Y85, ">0") -> 2
A86: =A85+1 -> 83 | B86: B9246SFV | C86: PT. PPN | D86: 46418 | E86: 46418 | H86: 46325 | J86: 46376 | K86: =IF(OR($AB$1="",D86=""),"",D86-$AB$1) -> 121 | L86: =IF(OR($AB$1="",E86=""),"",E86-$AB$1) -> 121 | M86: =IF(OR($AB$1="",F86=""),"",F86-$AB$1) | N86: =IF(OR($AB$1="",G86=""),"",G86-$AB$1) | O86: =IF(OR($AB$1="",I86=""),"",I86-$AB$1) | P86: =IF(OR($AB$1="",J86=""),"",J86-$AB$1) -> 79 | Q86: =IF(OR($AB$1="",J86=""),"",J86-$AB$1) -> 79 | S86: =COUNTIF(K86, "<30") -> 0 | T86: =COUNTIF(L86, "<30") -> 0 | U86: =COUNTIF(M86, "<30") -> 0 | V86: =COUNTIF(N86, "<30") -> 0 | W86: =COUNTIF(O86, "<30") -> 0 | X86: =COUNTIF(P86, "<30") -> 0 | Y86: =COUNTIF(Q86, "<30") -> 0 | Z86: =COUNTIF(S86:Y86, ">0") -> 0
A88: KETERANGAN | S88: =SUM(S4:S86) -> 43 | T88: =SUM(T4:T86) -> 42 | U88: =SUM(U4:U86) -> 16 | V88: =SUM(V4:V86) -> 2 | W88: =SUM(W4:W86) -> 3 | X88: =SUM(X4:X86) -> 44 | Y88: =SUM(Y4:Y86) -> 44 | Z88: =SUM(Z4:Z86) -> 194
B89: MT INDUSTRI | D89: STOCK DAN KEBUTUHAN APAR CADANGAN | S89: =SUM(S88:T88) -> 85
B90: AFKIR | D90: NO | E90: JENIS APAR | F90: APAR CADANGAN | G90: APAR EXPIRED
B91: EXPIRED | D91: 1 | E91: DCP PREESSURE | F91: 22 | G91: 4
B92: PERBAIKAN | D92: 2 | E92: DCP CATRIDGE | F92: 7 | G92: 14
D93: 3 | E93: FOAM | F93: 0 | G93: 16
D94: 4 | E94: CO2 3KG | F94: 0 | G94: 10
D95: 5 | E95: CO2 5KG
D97: STOCK PART APAR
D99: 1 | E99: SELANG | F99: 8
D100: 2 | E100: SEGEL | F100: 36
D101: 3 | E101: CORONG CO2 | F101: 5
D102: 4 | E102: TALI TIES | F102: 10
D103: 5 | E103: KAWAT SEGEL | F103: 50
D104: 6 | E104: STRIKER EXPIRED | F104: 50
...

Sheet Sheet8
A1: =#REF!+1 -> #REF! | B1: B9800SFU | C1: PT PERTAMINA PATRA NIAGA | D1: 46229 | E1: 46229 | I1: 46283 | J1: 46283 | K1: =IF(OR($AB$1="",E1=""),"",E1-$AB$1) | L1: =IF(OR($AB$1="",E1=""),"",E1-$AB$1) | M1: =IF(OR($AB$1="",F1=""),"",F1-$AB$1) | N1: =IF(OR($AB$1="",G1=""),"",G1-$AB$1) | O1: =IF(OR($AB$1="",H1=""),"",H1-$AB$1) | P1: =IF(OR($AB$1="",I1=""),"",I1-$AB$1) | Q1: =IF(OR($AB$1="",J1=""),"",J1-$AB$1) | S1: =COUNTIF(K1, "<30") -> 0 | T1: =COUNTIF(L1, "<30") -> 0 | U1: =COUNTIF(M1, "<30") -> 0 | X1: =COUNTIF(P1, "<30") -> 0 | Y1: =COUNTIF(Q1, "<30") -> 0 | Z1: =COUNTIF(S1:Y1, ">0") -> 0
A2: =A1+1 -> #REF! | B2: B9805SFU | C2: PT PERTAMINA PATRA NIAGA | D2: 46283 | E2: 46283 | I2: 46292 | J2: 46292 | K2: =IF(OR($AB$1="",D2=""),"",D2-$AB$1) | L2: =IF(OR($AB$1="",E2=""),"",E2-$AB$1) | M2: =IF(OR($AB$1="",F2=""),"",F2-$AB$1) | N2: =IF(OR($AB$1="",G2=""),"",G2-$AB$1) | O2: =IF(OR($AB$1="",H2=""),"",H2-$AB$1) | P2: =IF(OR($AB$1="",I2=""),"",I2-$AB$1) | Q2: =IF(OR($AB$1="",J2=""),"",J2-$AB$1) | S2: =COUNTIF(K2, "<30") -> 0 | T2: =COUNTIF(L2, "<30") -> 0 | U2: =COUNTIF(M2, "<30") -> 0 | X2: =COUNTIF(P2, "<30") -> 0 | Y2: =COUNTIF(Q2, "<30") -> 0 | Z2: =COUNTIF(S2:Y2, ">0") -> 0

Sheet REKAP APAR IT CILACAP
D1: Tanggal Service Exp Apar | L1: KETERANGAN APAR HARI | U1: UNIT EXP APAR | AD1: =TODAY() -> 46297
A2: NO | B2: NOPOL | C2: TRANSPORTIR | D2: CO2 Pertama | E2: CO2 Kedua | F2: DCP PRESSURE | G2: DCP PRESSURE | H2: FOAM | I2: FOAM | J2: DCP CATRIDGE | K2: DCP CATRIDGE | L2: CO2 Pertama | M2: CO2 Kedua | N2: DCP | O2: DCP | P2: Foam | Q2: Foam | R2: Catride | S2: Catride | U2: CO2 Pertama | V2: CO2 Kedua | W2: DCP | X2: DCP | Y2: Foam | Z2: Catride | AA2: Catride | AB2: Jumlah
A4: 1 | B4: D9524AG | C4: PT. LOGISTIK ENERGY ARMADA PRIMA | H4: 46259 | I4: 46259 | J4: 46259 | K4: 46259 | L4: =IF(OR($AD$1="",D4=""),"",D4-$AD$1) | M4: =IF(OR($AD$1="",E4=""),"",E4-$AD$1) | N4: =IF(OR($AD$1="",F4=""),"",F4-$AD$1) | O4: =IF(OR($AD$1="",G4=""),"",G4-$AD$1) | P4: =IF(OR($AD$1="",H4=""),"",H4-$AD$1) -> -38 | Q4: =IF(OR($AD$1="",I4=""),"",I4-$AD$1) -> -38 | R4: =IF(OR($AD$1="",J4=""),"",J4-$AD$1) -> -38 | S4: =IF(OR($AD$1="",K4=""),"",K4-$AD$1) -> -38 | U4: =COUNTIF(L4, "<30") -> 0 | V4: =COUNTIF(M4, "<30") -> 0 | W4: =COUNTIF(N4, "<30") -> 0 | X4: =COUNTIF(O4, "<30") -> 0 | Y4: =COUNTIF(Q4, "<30") -> 1 | Z4: =COUNTIF(R4, "<30") -> 1 | AA4: =COUNTIF(S4, "<30") -> 1 | AB4: =COUNTIF(U4:AA4, ">0") -> 3
A5: =A4+1 -> 2 | B5: D9527AG | C5: PT. LOGISTIK ENERGY ARMADA PRIMA | H5: 46259 | I5: 46259 | J5: 46259 | K5: 46259 | L5: =IF(OR($AD$1="",D5=""),"",D5-$AD$1) | M5: =IF(OR($AD$1="",E5=""),"",E5-$AD$1) | N5: =IF(OR($AD$1="",F5=""),"",F5-$AD$1) | O5: =IF(OR($AD$1="",G5=""),"",G5-$AD$1) | P5: =IF(OR($AD$1="",H5=""),"",H5-$AD$1) -> -38 | Q5: =IF(OR($AD$1="",I5=""),"",I5-$AD$1) -> -38 | R5: =IF(OR($AD$1="",J5=""),"",J5-$AD$1) -> -38 | S5: =IF(OR($AD$1="",K5=""),"",K5-$AD$1) -> -38 | U5: =COUNTIF(L5, "<30") -> 0 | V5: =COUNTIF(M5, "<30") -> 0 | W5: =COUNTIF(N5, "<30") -> 0 | X5: =COUNTIF(O5, "<30") -> 0 | Y5: =COUNTIF(Q5, "<30") -> 1 | Z5: =COUNTIF(R5, "<30") -> 1 | AA5: =COUNTIF(S5, "<30") -> 1 | AB5: =COUNTIF(U5:AA5, ">0") -> 3
A6: =A5+1 -> 3 | B6: B9870SEI | C6: PT. TRANSMIGASINDO | F6: 46259 | G6: 46259 | H6: 46259 | I6: 46259 | L6: =IF(OR($AD$1="",D6=""),"",D6-$AD$1) | M6: =IF(OR($AD$1="",E6=""),"",E6-$AD$1) | N6: =IF(OR($AD$1="",F6=""),"",F6-$AD$1) -> -38 | O6: =IF(OR($AD$1="",G6=""),"",G6-$AD$1) -> -38 | P6: =IF(OR($AD$1="",H6=""),"",H6-$AD$1) -> -38 | Q6: =IF(OR($AD$1="",I6=""),"",I6-$AD$1) -> -38 | R6: =IF(OR($AD$1="",J6=""),"",J6-$AD$1) | S6: =IF(OR($AD$1="",K6=""),"",K6-$AD$1) | U6: =COUNTIF(L6, "<30") -> 0 | V6: =COUNTIF(M6, "<30") -> 0 | W6: =COUNTIF(N6, "<30") -> 1 | X6: =COUNTIF(O6, "<30") -> 1 | Y6: =COUNTIF(Q6, "<30") -> 1 | Z6: =COUNTIF(R6, "<30") -> 0 | AA6: =COUNTIF(S6, "<30") -> 0 | AB6: =COUNTIF(U6:AA6, ">0") -> 3
A7: =A6+1 -> 4 | B7: B9868SEI | C7: PT. TRANSMIGASINDO | F7: 46259 | G7: 46259 | H7: 46259 | I7: 46259 | L7: =IF(OR($AD$1="",D7=""),"",D7-$AD$1) | M7: =IF(OR($AD$1="",E7=""),"",E7-$AD$1) | N7: =IF(OR($AD$1="",F7=""),"",F7-$AD$1) -> -38 | O7: =IF(OR($AD$1="",G7=""),"",G7-$AD$1) -> -38 | P7: =IF(OR($AD$1="",H7=""),"",H7-$AD$1) -> -38 | Q7: =IF(OR($AD$1="",I7=""),"",I7-$AD$1) -> -38 | R7: =IF(OR($AD$1="",J7=""),"",J7-$AD$1) | S7: =IF(OR($AD$1="",K7=""),"",K7-$AD$1) | U7: =COUNTIF(L7, "<30") -> 0 | V7: =COUNTIF(M7, "<30") -> 0 | W7: =COUNTIF(N7, "<30") -> 1 | X7: =COUNTIF(O7, "<30") -> 1 | Y7: =COUNTIF(Q7, "<30") -> 1 | Z7: =COUNTIF(R7, "<30") -> 0 | AA7: =COUNTIF(S7, "<30") -> 0 | AB7: =COUNTIF(U7:AA7, ">0") -> 3
A8: =A7+1 -> 5 | B8: B9875SEI | C8: PT. TRANSMIGASINDO | F8: 46259 | G8: 46259 | H8: 46259 | I8: 46259 | L8: =IF(OR($AD$1="",D8=""),"",D8-$AD$1) | M8: =IF(OR($AD$1="",E8=""),"",E8-$AD$1) | N8: =IF(OR($AD$1="",F8=""),"",F8-$AD$1) -> -38 | O8: =IF(OR($AD$1="",G8=""),"",G8-$AD$1) -> -38 | P8: =IF(OR($AD$1="",H8=""),"",H8-$AD$1) -> -38 | Q8: =IF(OR($AD$1="",I8=""),"",I8-$AD$1) -> -38 | R8: =IF(OR($AD$1="",J8=""),"",J8-$AD$1) | S8: =IF(OR($AD$1="",K8=""),"",K8-$AD$1) | U8: =COUNTIF(L8, "<30") -> 0 | V8: =COUNTIF(M8, "<30") -> 0 | W8: =COUNTIF(N8, "<30") -> 1 | X8: =COUNTIF(O8, "<30") -> 1 | Y8: =COUNTIF(Q8, "<30") -> 1 | Z8: =COUNTIF(R8, "<30") -> 0 | AA8: =COUNTIF(S8, "<30") -> 0 | AB8: =COUNTIF(U8:AA8, ">0") -> 3
A9: =A8+1 -> 6 | B9: B9873SEI | C9: PT. TRANSMIGASINDO | F9: 46259 | G9: 46259 | H9: 46259 | I9: 46259 | L9: =IF(OR($AD$1="",D9=""),"",D9-$AD$1) | M9: =IF(OR($AD$1="",E9=""),"",E9-$AD$1) | N9: =IF(OR($AD$1="",F9=""),"",F9-$AD$1) -> -38 | O9: =IF(OR($AD$1="",G9=""),"",G9-$AD$1) -> -38 | P9: =IF(OR($AD$1="",H9=""),"",H9-$AD$1) -> -38 | Q9: =IF(OR($AD$1="",I9=""),"",I9-$AD$1) -> -38 | R9: =IF(OR($AD$1="",J9=""),"",J9-$AD$1) | S9: =IF(OR($AD$1="",K9=""),"",K9-$AD$1) | U9: =COUNTIF(L9, "<30") -> 0 | V9: =COUNTIF(M9, "<30") -> 0 | W9: =COUNTIF(N9, "<30") -> 1 | X9: =COUNTIF(O9, "<30") -> 1 | Y9: =COUNTIF(Q9, "<30") -> 1 | Z9: =COUNTIF(R9, "<30") -> 0 | AA9: =COUNTIF(S9, "<30") -> 0 | AB9: =COUNTIF(U9:AA9, ">0") -> 3
A10: =A9+1 -> 7 | B10: B9869SEI | C10: PT. TRANSMIGASINDO | F10: 46259 | G10: 46259 | H10: 46259 | I10: 46259 | L10: =IF(OR($AD$1="",D10=""),"",D10-$AD$1) | M10: =IF(OR($AD$1="",E10=""),"",E10-$AD$1) | N10: =IF(OR($AD$1="",F10=""),"",F10-$AD$1) -> -38 | O10: =IF(OR($AD$1="",G10=""),"",G10-$AD$1) -> -38 | P10: =IF(OR($AD$1="",H10=""),"",H10-$AD$1) -> -38 | Q10: =IF(OR($AD$1="",I10=""),"",I10-$AD$1) -> -38 | R10: =IF(OR($AD$1="",J10=""),"",J10-$AD$1) | S10: =IF(OR($AD$1="",K10=""),"",K10-$AD$1) | U10: =COUNTIF(L10, "<30") -> 0 | V10: =COUNTIF(M10, "<30") -> 0 | W10: =COUNTIF(N10, "<30") -> 1 | X10: =COUNTIF(O10, "<30") -> 1 | Y10: =COUNTIF(Q10, "<30") -> 1 | Z10: =COUNTIF(R10, "<30") -> 0 | AA10: =COUNTIF(S10, "<30") -> 0 | AB10: =COUNTIF(U10:AA10, ">0") -> 3
A11: =A10+1 -> 8 | B11: B9867SEI | C11: PT. TRANSMIGASINDO | F11: 46259 | G11: 46259 | H11: 46259 | I11: 46259 | L11: =IF(OR($AD$1="",D11=""),"",D11-$AD$1) | M11: =IF(OR($AD$1="",E11=""),"",E11-$AD$1) | N11: =IF(OR($AD$1="",F11=""),"",F11-$AD$1) -> -38 | O11: =IF(OR($AD$1="",G11=""),"",G11-$AD$1) -> -38 | P11: =IF(OR($AD$1="",H11=""),"",H11-$AD$1) -> -38 | Q11: =IF(OR($AD$1="",I11=""),"",I11-$AD$1) -> -38 | R11: =IF(OR($AD$1="",J11=""),"",J11-$AD$1) | S11: =IF(OR($AD$1="",K11=""),"",K11-$AD$1) | U11: =COUNTIF(L11, "<30") -> 0 | V11: =COUNTIF(M11, "<30") -> 0 | W11: =COUNTIF(N11, "<30") -> 1 | X11: =COUNTIF(O11, "<30") -> 1 | Y11: =COUNTIF(Q11, "<30") -> 1 | Z11: =COUNTIF(R11, "<30") -> 0 | AA11: =COUNTIF(S11, "<30") -> 0 | AB11: =COUNTIF(U11:AA11, ">0") -> 3
A12: =A11+1 -> 9 | B12: B9871SEI | C12: PT. TRANSMIGASINDO | F12: 46259 | G12: 46259 | H12: 46259 | I12: 46259 | L12: =IF(OR($AD$1="",D12=""),"",D12-$AD$1) | M12: =IF(OR($AD$1="",E12=""),"",E12-$AD$1) | N12: =IF(OR($AD$1="",F12=""),"",F12-$AD$1) -> -38 | O12: =IF(OR($AD$1="",G12=""),"",G12-$AD$1) -> -38 | P12: =IF(OR($AD$1="",H12=""),"",H12-$AD$1) -> -38 | Q12: =IF(OR($AD$1="",I12=""),"",I12-$AD$1) -> -38 | R12: =IF(OR($AD$1="",J12=""),"",J12-$AD$1) | S12: =IF(OR($AD$1="",K12=""),"",K12-$AD$1) | U12: =COUNTIF(L12, "<30") -> 0 | V12: =COUNTIF(M12, "<30") -> 0 | W12: =COUNTIF(N12, "<30") -> 1 | X12: =COUNTIF(O12, "<30") -> 1 | Y12: =COUNTIF(Q12, "<30") -> 1 | Z12: =COUNTIF(R12, "<30") -> 0 | AA12: =COUNTIF(S12, "<30") -> 0 | AB12: =COUNTIF(U12:AA12, ">0") -> 3
A13: =A12+1 -> 10 | B13: B9866SEI | C13: PT. TRANSMIGASINDO | F13: 46259 | G13: 46259 | H13: 46259 | I13: 46259 | L13: =IF(OR($AD$1="",D13=""),"",D13-$AD$1) | M13: =IF(OR($AD$1="",E13=""),"",E13-$AD$1) | N13: =IF(OR($AD$1="",F13=""),"",F13-$AD$1) -> -38 | O13: =IF(OR($AD$1="",G13=""),"",G13-$AD$1) -> -38 | P13: =IF(OR($AD$1="",H13=""),"",H13-$AD$1) -> -38 | Q13: =IF(OR($AD$1="",I13=""),"",I13-$AD$1) -> -38 | R13: =IF(OR($AD$1="",J13=""),"",J13-$AD$1) | S13: =IF(OR($AD$1="",K13=""),"",K13-$AD$1) | U13: =COUNTIF(L13, "<30") -> 0 | V13: =COUNTIF(M13, "<30") -> 0 | W13: =COUNTIF(N13, "<30") -> 1 | X13: =COUNTIF(O13, "<30") -> 1 | Y13: =COUNTIF(Q13, "<30") -> 1 | Z13: =COUNTIF(R13, "<30") -> 0 | AA13: =COUNTIF(S13, "<30") -> 0 | AB13: =COUNTIF(U13:AA13, ">0") -> 3
A14: =A13+1 -> 11 | B14: B9874SEI | C14: PT. TRANSMIGASINDO | F14: 46259 | G14: 46259 | H14: 46259 | I14: 46259 | L14: =IF(OR($AD$1="",D14=""),"",D14-$AD$1) | M14: =IF(OR($AD$1="",E14=""),"",E14-$AD$1) | N14: =IF(OR($AD$1="",F14=""),"",F14-$AD$1) -> -38 | O14: =IF(OR($AD$1="",G14=""),"",G14-$AD$1) -> -38 | P14: =IF(OR($AD$1="",H14=""),"",H14-$AD$1) -> -38 | Q14: =IF(OR($AD$1="",I14=""),"",I14-$AD$1) -> -38 | R14: =IF(OR($AD$1="",J14=""),"",J14-$AD$1) | S14: =IF(OR($AD$1="",K14=""),"",K14-$AD$1) | U14: =COUNTIF(L14, "<30") -> 0 | V14: =COUNTIF(M14, "<30") -> 0 | W14: =COUNTIF(N14, "<30") -> 1 | X14: =COUNTIF(O14, "<30") -> 1 | Y14: =COUNTIF(Q14, "<30") -> 1 | Z14: =COUNTIF(R14, "<30") -> 0 | AA14: =COUNTIF(S14, "<30") -> 0 | AB14: =COUNTIF(U14:AA14, ">0") -> 3
A15: =A14+1 -> 12 | B15: B9906SEI | C15: PT. TRANSMIGASINDO | F15: 46259 | G15: 46259 | H15: 46259 | I15: 46259 | L15: =IF(OR($AD$1="",D15=""),"",D15-$AD$1) | M15: =IF(OR($AD$1="",E15=""),"",E15-$AD$1) | N15: =IF(OR($AD$1="",F15=""),"",F15-$AD$1) -> -38 | O15: =IF(OR($AD$1="",G15=""),"",G15-$AD$1) -> -38 | P15: =IF(OR($AD$1="",H15=""),"",H15-$AD$1) -> -38 | Q15: =IF(OR($AD$1="",I15=""),"",I15-$AD$1) -> -38 | R15: =IF(OR($AD$1="",J15=""),"",J15-$AD$1) | S15: =IF(OR($AD$1="",K15=""),"",K15-$AD$1) | U15: =COUNTIF(L15, "<30") -> 0 | V15: =COUNTIF(M15, "<30") -> 0 | W15: =COUNTIF(N15, "<30") -> 1 | X15: =COUNTIF(O15, "<30") -> 1 | Y15: =COUNTIF(Q15, "<30") -> 1 | Z15: =COUNTIF(R15, "<30") -> 0 | AA15: =COUNTIF(S15, "<30") -> 0 | AB15: =COUNTIF(U15:AA15, ">0") -> 3
A16: =A15+1 -> 13 | B16: B9907SEI | C16: PT. TRANSMIGASINDO | F16: 46259 | G16: 46259 | H16: 46259 | I16: 46259 | L16: =IF(OR($AD$1="",D16=""),"",D16-$AD$1) | M16: =IF(OR($AD$1="",E16=""),"",E16-$AD$1) | N16: =IF(OR($AD$1="",F16=""),"",F16-$AD$1) -> -38 | O16: =IF(OR($AD$1="",G16=""),"",G16-$AD$1) -> -38 | P16: =IF(OR($AD$1="",H16=""),"",H16-$AD$1) -> -38 | Q16: =IF(OR($AD$1="",I16=""),"",I16-$AD$1) -> -38 | R16: =IF(OR($AD$1="",J16=""),"",J16-$AD$1) | S16: =IF(OR($AD$1="",K16=""),"",K16-$AD$1) | U16: =COUNTIF(L16, "<30") -> 0 | V16: =COUNTIF(M16, "<30") -> 0 | W16: =COUNTIF(N16, "<30") -> 1 | X16: =COUNTIF(O16, "<30") -> 1 | Y16: =COUNTIF(Q16, "<30") -> 1 | Z16: =COUNTIF(R16, "<30") -> 0 | AA16: =COUNTIF(S16, "<30") -> 0 | AB16: =COUNTIF(U16:AA16, ">0") -> 3
A17: =A16+1 -> 14 | B17: B9908SEI | C17: PT. TRANSMIGASINDO | F17: 46259 | G17: 46259 | H17: 46259 | I17: 46259 | L17: =IF(OR($AD$1="",D17=""),"",D17-$AD$1) | M17: =IF(OR($AD$1="",E17=""),"",E17-$AD$1) | N17: =IF(OR($AD$1="",F17=""),"",F17-$AD$1) -> -38 | O17: =IF(OR($AD$1="",G17=""),"",G17-$AD$1) -> -38 | P17: =IF(OR($AD$1="",H17=""),"",H17-$AD$1) -> -38 | Q17: =IF(OR($AD$1="",I17=""),"",I17-$AD$1) -> -38 | R17: =IF(OR($AD$1="",J17=""),"",J17-$AD$1) | S17: =IF(OR($AD$1="",K17=""),"",K17-$AD$1) | U17: =COUNTIF(L17, "<30") -> 0 | V17: =COUNTIF(M17, "<30") -> 0 | W17: =COUNTIF(N17, "<30") -> 1 | X17: =COUNTIF(O17, "<30") -> 1 | Y17: =COUNTIF(Q17, "<30") -> 1 | Z17: =COUNTIF(R17, "<30") -> 0 | AA17: =COUNTIF(S17, "<30") -> 0 | AB17: =COUNTIF(U17:AA17, ">0") -> 3
A18: =A17+1 -> 15 | B18: B9683SFU | C18: PT. PPN | H18: 46081 | I18: 46081 | J18: 46081 | K18: 46081 | N18: =IF(OR($AD$1="",F18=""),"",F18-$AD$1) | O18: =IF(OR($AD$1="",G18=""),"",G18-$AD$1) | P18: =IF(OR($AD$1="",H18=""),"",H18-$AD$1) -> -216 | Q18: =IF(OR($AD$1="",I18=""),"",I18-$AD$1) -> -216 | R18: =IF(OR($AD$1="",J18=""),"",J18-$AD$1) -> -216 | S18: =IF(OR($AD$1="",K18=""),"",K18-$AD$1) -> -216 | U18: =COUNTIF(L18, "<30") -> 0 | V18: =COUNTIF(M18, "<30") -> 0 | W18: =COUNTIF(N18, "<30") -> 0 | X18: =COUNTIF(O18, "<30") -> 0 | Y18: =COUNTIF(Q18, "<30") -> 1 | Z18: =COUNTIF(R18, "<30") -> 1 | AA18: =COUNTIF(S18, "<30") -> 1 | AB18: =COUNTIF(U18:AA18, ">0") -> 3
A19: =A18+1 -> 16 | B19: R9029B | C19: PT. SERAYU MITRA JAYA | F19: 46292 | H19: 46292 | I19: 46292 | J19: 46292 | M19: =IF(OR($AD$1="",E19=""),"",E19-$AD$1) | N19: =IF(OR($AD$1="",F19=""),"",F19-$AD$1) -> -5 | O19: =IF(OR($AD$1="",G19=""),"",G19-$AD$1) | P19: =IF(OR($AD$1="",H19=""),"",H19-$AD$1) -> -5 | Q19: =IF(OR($AD$1="",I19=""),"",I19-$AD$1) -> -5 | R19: =IF(OR($AD$1="",J19=""),"",J19-$AD$1) -> -5 | S19: =IF(OR($AD$1="",K19=""),"",K19-$AD$1) | U19: =COUNTIF(L19, "<30") -> 0 | V19: =COUNTIF(M19, "<30") -> 0 | W19: =COUNTIF(N19, "<30") -> 1 | X19: =COUNTIF(O19, "<30") -> 0 | Y19: =COUNTIF(Q19, "<30") -> 1 | Z19: =COUNTIF(R19, "<30") -> 1 | AA19: =COUNTIF(S19, "<30") -> 0 | AB19: =COUNTIF(U19:AA19, ">0") -> 3
A20: =A19+1 -> 17 | B20: R9693B | C20: PT. SERAYU MITRA JAYA | F20: 46292 | H20: 46292 | I20: 46292 | K20: 46292 | L20: =IF(OR($AD$1="",D20=""),"",D20-$AD$1) | M20: =IF(OR($AD$1="",E20=""),"",E20-$AD$1) | N20: =IF(OR($AD$1="",F20=""),"",F20-$AD$1) -> -5 | O20: =IF(OR($AD$1="",G20=""),"",G20-$AD$1) | P20: =IF(OR($AD$1="",H20=""),"",H20-$AD$1) -> -5 | Q20: =IF(OR($AD$1="",I20=""),"",I20-$AD$1) -> -5 | R20: =IF(OR($AD$1="",J20=""),"",J20-$AD$1) | S20: =IF(OR($AD$1="",K20=""),"",K20-$AD$1) -> -5 | U20: =COUNTIF(L20, "<30") -> 0 | V20: =COUNTIF(M20, "<30") -> 0 | W20: =COUNTIF(N20, "<30") -> 1 | X20: =COUNTIF(O20, "<30") -> 0 | Y20: =COUNTIF(Q20, "<30") -> 1 | Z20: =COUNTIF(R20, "<30") -> 0 | AA20: =COUNTIF(S20, "<30") -> 1 | AB20: =COUNTIF(U20:AA20, ">0") -> 3
B21: R9694B | C21: PT. SERAYU MITRA JAYA
A22: =A20+1 -> 18 | B22: R8336B | C22: PT. SERAYU MITRA JAYA | G22: 46111 | K22: 46111 | L22: =IF(OR($AD$1="",D22=""),"",D22-$AD$1) | M22: =IF(OR($AD$1="",E22=""),"",E22-$AD$1) | N22: =IF(OR($AD$1="",F22=""),"",F22-$AD$1) | O22: =IF(OR($AD$1="",G22=""),"",G22-$AD$1) -> -186 | P22: =IF(OR($AD$1="",H22=""),"",H22-$AD$1) | Q22: =IF(OR($AD$1="",I22=""),"",I22-$AD$1) | R22: =IF(OR($AD$1="",J22=""),"",J22-$AD$1) | S22: =IF(OR($AD$1="",K22=""),"",K22-$AD$1) -> -186 | U22: =COUNTIF(L22, "<30") -> 0 | V22: =COUNTIF(M22, "<30") -> 0 | W22: =COUNTIF(N22, "<30") -> 0 | X22: =COUNTIF(O22, "<30") -> 1 | Y22: =COUNTIF(Q22, "<30") -> 0 | Z22: =COUNTIF(R22, "<30") -> 0 | AA22: =COUNTIF(S22, "<30") -> 1 | AB22: =COUNTIF(U22:AA22, ">0") -> 2
A23: =A22+1 -> 19 | B23: R8084K | C23: PT. SERAYU MITRA JAYA | F23: 46292 | G23: 46292 | H23: 46292 | I23: 46292 | L23: =IF(OR($AD$1="",D23=""),"",D23-$AD$1) | M23: =IF(OR($AD$1="",E23=""),"",E23-$AD$1) | N23: =IF(OR($AD$1="",F23=""),"",F23-$AD$1) -> -5 | O23: =IF(OR($AD$1="",G23=""),"",G23-$AD$1) -> -5 | P23: =IF(OR($AD$1="",H23=""),"",H23-$AD$1) -> -5 | Q23: =IF(OR($AD$1="",I23=""),"",I23-$AD$1) -> -5 | R23: =IF(OR($AD$1="",J23=""),"",J23-$AD$1) | S23: =IF(OR($AD$1="",K23=""),"",K23-$AD$1) | U23: =COUNTIF(L23, "<30") -> 0 | V23: =COUNTIF(M23, "<30") -> 0 | W23: =COUNTIF(N23, "<30") -> 1 | X23: =COUNTIF(O23, "<30") -> 1 | Y23: =COUNTIF(Q23, "<30") -> 1 | Z23: =COUNTIF(R23, "<30") -> 0 | AA23: =COUNTIF(S23, "<30") -> 0 | AB23: =COUNTIF(U23:AA23, ">0") -> 3
A24: =A23+1 -> 20 | B24: R9694B | C24: PT. SERAYU MITRA JAYA | F24: 46292 | H24: 46292 | I24: 46292 | K24: 46292 | L24: =IF(OR($AD$1="",D24=""),"",D24-$AD$1) | M24: =IF(OR($AD$1="",E24=""),"",E24-$AD$1) | N24: =IF(OR($AD$1="",F24=""),"",F24-$AD$1) -> -5 | O24: =IF(OR($AD$1="",G24=""),"",G24-$AD$1) | P24: =IF(OR($AD$1="",H24=""),"",H24-$AD$1) -> -5 | Q24: =IF(OR($AD$1="",I24=""),"",I24-$AD$1) -> -5 | R24: =IF(OR($AD$1="",J24=""),"",J24-$AD$1) | S24: =IF(OR($AD$1="",K24=""),"",K24-$AD$1) -> -5 | U24: =COUNTIF(L24, "<30") -> 0 | V24: =COUNTIF(M24, "<30") -> 0 | W24: =COUNTIF(N24, "<30") -> 1 | X24: =COUNTIF(O24, "<30") -> 0 | Y24: =COUNTIF(Q24, "<30") -> 1 | Z24: =COUNTIF(R24, "<30") -> 0 | AA24: =COUNTIF(S24, "<30") -> 1 | AB24: =COUNTIF(U24:AA24, ">0") -> 3
L25: =SUM(L24:M24) -> 0
B27: BOCOR
B28: BBM CILACAP
B29: APAR PENGADAAN BARU DARI TRANSPORTIR
B30: ALIH SUPPLY LUAR KOTA

Sheet REKAP APAR OTOMATIC
D1: Tanggal Service Exp Apar | I1: Tanggal Service Exp Apar Cadangan | N1: KETERANGAN APAR HARI | T1: UNIT EXP APAR | AA1: =TODAY() -> 46297
A2: NO | B2: NOPOL | C2: TRANSPORTIR | D2: CO2 PERTAMA | E2: CO2 KEDUA | F2: DCP PRESSURE | G2: FOAM | H2: DCP CATRIDGE | I2: CO2 Pertama | J2: CO2 Kedua | K2: DCP | L2: Foam | M2: Catride | N2: CO2 PERTAMA | O2: CO2 KEDUA | P2: DCP PRESSURE | Q2: FOAM | R2: DCP CATRIDGE | T2: CO2 Pertama | U2: CO2 Kedua | V2: DCP | W2: Foam | X2: Catride | Y2: Jumlah
A4: 1 | B4: AD8603OH | C4: PT. Karyamas | D4: =IFERROR( IF(VLOOKUP(B4,'SUMBER REKAP APAR'!F:O,2,FALSE)="", VLOOKUP(B4,'REKAP APAR FT MAOS'!B:J,3,FALSE), VLOOKUP(B4,'SUMBER REKAP APAR'!F:O,2,FALSE) ), VLOOKUP(B4,'REKAP APAR FT MAOS'!B:J,3,FALSE) ) -> 0 | E4: =IFERROR( IF(VLOOKUP(B4,'SUMBER REKAP APAR'!F:O,3,FALSE)="", VLOOKUP(B4,'REKAP APAR FT MAOS'!B:J,4,FALSE), VLOOKUP(B4,'SUMBER REKAP APAR'!F:O,3,FALSE) ), VLOOKUP(B4,'REKAP APAR FT MAOS'!B:J,4,FALSE) ) -> 0 | F4: =IFERROR( IF(VLOOKUP(B4,'SUMBER REKAP APAR'!F:O,4,FALSE)="", VLOOKUP(B4,'REKAP APAR FT MAOS'!B:J,5,FALSE), VLOOKUP(B4,'SUMBER REKAP APAR'!F:O,4,FALSE) ), VLOOKUP(B4,'REKAP APAR FT MAOS'!B:J,5,FALSE) ) -> 46254 | G4: =IFERROR( IF(VLOOKUP(B4,'SUMBER REKAP APAR'!F:O,5,FALSE)="", VLOOKUP(B4,'REKAP APAR FT MAOS'!B:J,6,FALSE), VLOOKUP(B4,'SUMBER REKAP APAR'!F:O,5,FALSE) ), VLOOKUP(B4,'REKAP APAR FT MAOS'!B:J,6,FALSE) ) -> 46254 | H4: =IFERROR( IF(VLOOKUP(B4,'SUMBER REKAP APAR'!F:O,6,FALSE)="", VLOOKUP(B4,'REKAP APAR FT MAOS'!B:J,7,FALSE), VLOOKUP(B4,'SUMBER REKAP APAR'!F:O,6,FALSE) ), VLOOKUP(B4,'REKAP APAR FT MAOS'!B:J,7,FALSE) ) -> 0 | I4: =IFERROR( IF(VLOOKUP(B4,'SUMBER REKAP APAR'!F:O,7,FALSE)="", VLOOKUP(B4,'REKAP APAR FT MAOS'!B:J,8,FALSE), VLOOKUP(B4,'SUMBER REKAP APAR'!F:O,7,FALSE) ), VLOOKUP(B4,'REKAP APAR FT MAOS'!B:J,8,FALSE) ) -> 46254 | J4: =IFERROR( IF(VLOOKUP(B4,'SUMBER REKAP APAR'!F:O,8,FALSE)="", VLOOKUP(B4,'REKAP APAR FT MAOS'!B:J,9,FALSE), VLOOKUP(B4,'SUMBER REKAP APAR'!F:O,8,FALSE) ), VLOOKUP(B4,'REKAP APAR FT MAOS'!B:J,9,FALSE) ) -> 46352 | K4: =IFERROR( IF(VLOOKUP(B4,'SUMBER REKAP APAR'!F:O,9,FALSE)="", VLOOKUP(B4,'REKAP APAR FT MAOS'!B:J,10,FALSE), VLOOKUP(B4,'SUMBER REKAP APAR'!F:O,9,FALSE) ), VLOOKUP(B4,'REKAP APAR FT MAOS'!B:J,10,FALSE) ) -> #REF! | L4: =IFERROR( IF(VLOOKUP(B4,'SUMBER REKAP APAR'!F:O,10,FALSE)="", VLOOKUP(B4,'REKAP APAR FT MAOS'!B:J,11,FALSE), VLOOKUP(B4,'SUMBER REKAP APAR'!F:O,10,FALSE) ), VLOOKUP(B4,'REKAP APAR FT MAOS'!B:J,11,FALSE) ) -> #REF! | M4: =IFERROR( IF(VLOOKUP(B4,'SUMBER REKAP APAR'!F:Q,11,FALSE)="", VLOOKUP(B4,'REKAP APAR FT MAOS'!B:J,12,FALSE), VLOOKUP(B4,'SUMBER REKAP APAR'!F:Q,11,FALSE) ), VLOOKUP(B4,'REKAP APAR FT MAOS'!B:J,12,FALSE) ) -> #REF! | N4: =IF(OR($AA$1="",D4=""),"",D4-$AA$1) -> -46297 | O4: =IF(OR($AA$1="",E4=""),"",E4-$AA$1) -> -46297 | P4: =IF(OR($AA$1="",F4=""),"",F4-$AA$1) -> -43 | Q4: =IF(OR($AA$1="",G4=""),"",G4-$AA$1) -> -43 | R4: =IF(OR($AA$1="",H4=""),"",H4-$AA$1) -> -46297 | T4: =COUNTIF(N4, "<30") -> 1 | U4: =COUNTIF(O4, "<30") -> 1 | V4: =COUNTIF(P4, "<30") -> 1 | W4: =COUNTIF(Q4, "<30") -> 1 | X4: =COUNTIF(R4, "<30") -> 1 | Y4: =COUNTIF(T4:X4, ">0") -> 5
A5: 2 | B5: AD8618OH | C5: PT. Karyamas | D5: =IFERROR( IF(VLOOKUP(B5,'SUMBER REKAP APAR'!F:O,2,FALSE)="", VLOOKUP(B5,'REKAP APAR FT MAOS'!B:J,3,FALSE), VLOOKUP(B5,'SUMBER REKAP APAR'!F:O,2,FALSE) ), VLOOKUP(B5,'REKAP APAR FT MAOS'!B:J,3,FALSE) ) -> 0 | E5: =IFERROR( IF(VLOOKUP(B5,'SUMBER REKAP APAR'!F:O,3,FALSE)="", VLOOKUP(B5,'REKAP APAR FT MAOS'!B:J,4,FALSE), VLOOKUP(B5,'SUMBER REKAP APAR'!F:O,3,FALSE) ), VLOOKUP(B5,'REKAP APAR FT MAOS'!B:J,4,FALSE) ) -> 0 | F5: =IFERROR( IF(VLOOKUP(B5,'SUMBER REKAP APAR'!F:O,4,FALSE)="", VLOOKUP(B5,'REKAP APAR FT MAOS'!B:J,5,FALSE), VLOOKUP(B5,'SUMBER REKAP APAR'!F:O,4,FALSE) ), VLOOKUP(B5,'REKAP APAR FT MAOS'!B:J,5,FALSE) ) -> 46352 | G5: =IFERROR( IF(VLOOKUP(B5,'SUMBER REKAP APAR'!F:O,5,FALSE)="", VLOOKUP(B5,'REKAP APAR FT MAOS'!B:J,6,FALSE), VLOOKUP(B5,'SUMBER REKAP APAR'!F:O,5,FALSE) ), VLOOKUP(B5,'REKAP APAR FT MAOS'!B:J,6,FALSE) ) -> 46418 | H5: =IFERROR( IF(VLOOKUP(B5,'SUMBER REKAP APAR'!F:O,6,FALSE)="", VLOOKUP(B5,'REKAP APAR FT MAOS'!B:J,7,FALSE), VLOOKUP(B5,'SUMBER REKAP APAR'!F:O,6,FALSE) ), VLOOKUP(B5,'REKAP APAR FT MAOS'!B:J,7,FALSE) ) -> 0 | I5: =IFERROR( IF(VLOOKUP(B5,'SUMBER REKAP APAR'!F:O,7,FALSE)="", VLOOKUP(B5,'REKAP APAR FT MAOS'!B:J,8,FALSE), VLOOKUP(B5,'SUMBER REKAP APAR'!F:O,7,FALSE) ), VLOOKUP(B5,'REKAP APAR FT MAOS'!B:J,8,FALSE) ) -> 46418 | J5: =IFERROR( IF(VLOOKUP(B5,'SUMBER REKAP APAR'!F:O,8,FALSE)="", VLOOKUP(B5,'REKAP APAR FT MAOS'!B:J,9,FALSE), VLOOKUP(B5,'SUMBER REKAP APAR'!F:O,8,FALSE) ), VLOOKUP(B5,'REKAP APAR FT MAOS'!B:J,9,FALSE) ) -> 46418 | K5: =IFERROR( IF(VLOOKUP(B5,'SUMBER REKAP APAR'!F:O,9,FALSE)="", VLOOKUP(B5,'REKAP APAR FT MAOS'!B:J,10,FALSE), VLOOKUP(B5,'SUMBER REKAP APAR'!F:O,9,FALSE) ), VLOOKUP(B5,'REKAP APAR FT MAOS'!B:J,10,FALSE) ) -> #REF! | L5: =IFERROR( IF(VLOOKUP(B5,'SUMBER REKAP APAR'!F:O,10,FALSE)="", VLOOKUP(B5,'REKAP APAR FT MAOS'!B:J,11,FALSE), VLOOKUP(B5,'SUMBER REKAP APAR'!F:O,10,FALSE) ), VLOOKUP(B5,'REKAP APAR FT MAOS'!B:J,11,FALSE) ) -> #REF! | M5: =IFERROR( IF(VLOOKUP(B5,'SUMBER REKAP APAR'!F:Q,11,FALSE)="", VLOOKUP(B5,'REKAP APAR FT MAOS'!B:J,12,FALSE), VLOOKUP(B5,'SUMBER REKAP APAR'!F:Q,11,FALSE) ), VLOOKUP(B5,'REKAP APAR FT MAOS'!B:J,12,FALSE) ) -> #REF! | N5: =IF(OR($AA$1="",D5=""),"",D5-$AA$1) -> -46297 | O5: =IF(OR($AA$1="",E5=""),"",E5-$AA$1) -> -46297 | P5: =IF(OR($AA$1="",F5=""),"",F5-$AA$1) -> 55 | Q5: =IF(OR($AA$1="",G5=""),"",G5-$AA$1) -> 121 | R5: =IF(OR($AA$1="",H5=""),"",H5-$AA$1) -> -46297 | T5: =COUNTIF(N5, "<30") -> 1 | U5: =COUNTIF(O5, "<30") -> 1 | V5: =COUNTIF(P5, "<30") -> 0 | W5: =COUNTIF(Q5, "<30") -> 0 | X5: =COUNTIF(R5, "<30") -> 1 | Y5: =COUNTIF(T5:X5, ">0") -> 3
A6: 3 | B6: B9800SFU | C6: PT. PPN | D6: =IFERROR( IF(VLOOKUP(B6,'SUMBER REKAP APAR'!F:O,2,FALSE)="", VLOOKUP(B6,'REKAP APAR FT MAOS'!B:J,3,FALSE), VLOOKUP(B6,'SUMBER REKAP APAR'!F:O,2,FALSE) ), VLOOKUP(B6,'REKAP APAR FT MAOS'!B:J,3,FALSE) ) -> #N/A | E6: =IFERROR( IF(VLOOKUP(B6,'SUMBER REKAP APAR'!F:O,3,FALSE)="", VLOOKUP(B6,'REKAP APAR FT MAOS'!B:J,4,FALSE), VLOOKUP(B6,'SUMBER REKAP APAR'!F:O,3,FALSE) ), VLOOKUP(B6,'REKAP APAR FT MAOS'!B:J,4,FALSE) ) -> #N/A | F6: =IFERROR( IF(VLOOKUP(B6,'SUMBER REKAP APAR'!F:O,4,FALSE)="", VLOOKUP(B6,'REKAP APAR FT MAOS'!B:J,5,FALSE), VLOOKUP(B6,'SUMBER REKAP APAR'!F:O,4,FALSE) ), VLOOKUP(B6,'REKAP APAR FT MAOS'!B:J,5,FALSE) ) -> #N/A | G6: =IFERROR( IF(VLOOKUP(B6,'SUMBER REKAP APAR'!F:O,5,FALSE)="", VLOOKUP(B6,'REKAP APAR FT MAOS'!B:J,6,FALSE), VLOOKUP(B6,'SUMBER REKAP APAR'!F:O,5,FALSE) ), VLOOKUP(B6,'REKAP APAR FT MAOS'!B:J,6,FALSE) ) -> #N/A | H6: =IFERROR( IF(VLOOKUP(B6,'SUMBER REKAP APAR'!F:O,6,FALSE)="", VLOOKUP(B6,'REKAP APAR FT MAOS'!B:J,7,FALSE), VLOOKUP(B6,'SUMBER REKAP APAR'!F:O,6,FALSE) ), VLOOKUP(B6,'REKAP APAR FT MAOS'!B:J,7,FALSE) ) -> #N/A | I6: =IFERROR( IF(VLOOKUP(B6,'SUMBER REKAP APAR'!F:O,7,FALSE)="", VLOOKUP(B6,'REKAP APAR FT MAOS'!B:J,8,FALSE), VLOOKUP(B6,'SUMBER REKAP APAR'!F:O,7,FALSE) ), VLOOKUP(B6,'REKAP APAR FT MAOS'!B:J,8,FALSE) ) -> #N/A | J6: =IFERROR( IF(VLOOKUP(B6,'SUMBER REKAP APAR'!F:O,8,FALSE)="", VLOOKUP(B6,'REKAP APAR FT MAOS'!B:J,9,FALSE), VLOOKUP(B6,'SUMBER REKAP APAR'!F:O,8,FALSE) ), VLOOKUP(B6,'REKAP APAR FT MAOS'!B:J,9,FALSE) ) -> #N/A | K6: =IFERROR( IF(VLOOKUP(B6,'SUMBER REKAP APAR'!F:O,9,FALSE)="", VLOOKUP(B6,'REKAP APAR FT MAOS'!B:J,10,FALSE), VLOOKUP(B6,'SUMBER REKAP APAR'!F:O,9,FALSE) ), VLOOKUP(B6,'REKAP APAR FT MAOS'!B:J,10,FALSE) ) -> #N/A | L6: =IFERROR( IF(VLOOKUP(B6,'SUMBER REKAP APAR'!F:O,10,FALSE)="", VLOOKUP(B6,'REKAP APAR FT MAOS'!B:J,11,FALSE), VLOOKUP(B6,'SUMBER REKAP APAR'!F:O,10,FALSE) ), VLOOKUP(B6,'REKAP APAR FT MAOS'!B:J,11,FALSE) ) -> #N/A | M6: =IFERROR( IF(VLOOKUP(B6,'SUMBER REKAP APAR'!F:Q,11,FALSE)="", VLOOKUP(B6,'REKAP APAR FT MAOS'!B:J,12,FALSE), VLOOKUP(B6,'SUMBER REKAP APAR'!F:Q,11,FALSE) ), VLOOKUP(B6,'REKAP APAR FT MAOS'!B:J,12,FALSE) ) -> #N/A | N6: =IF(OR($AA$1="",D6=""),"",D6-$AA$1) -> #N/A | O6: =IF(OR($AA$1="",E6=""),"",E6-$AA$1) -> #N/A | P6: =IF(OR($AA$1="",F6=""),"",F6-$AA$1) -> #N/A | Q6: =IF(OR($AA$1="",G6=""),"",G6-$AA$1) -> #N/A | R6: =IF(OR($AA$1="",H6=""),"",H6-$AA$1) -> #N/A | T6: =COUNTIF(N6, "<30") -> 0 | U6: =COUNTIF(O6, "<30") -> 0 | V6: =COUNTIF(P6, "<30") -> 0 | W6: =COUNTIF(Q6, "<30") -> 0 | X6: =COUNTIF(R6, "<30") -> 0 | Y6: =COUNTIF(T6:X6, ">0") -> 0
A7: 4 | B7: B9805SFU | C7: PT. PPN | D7: =IFERROR( IF(VLOOKUP(B7,'SUMBER REKAP APAR'!F:O,2,FALSE)="", VLOOKUP(B7,'REKAP APAR FT MAOS'!B:J,3,FALSE), VLOOKUP(B7,'SUMBER REKAP APAR'!F:O,2,FALSE) ), VLOOKUP(B7,'REKAP APAR FT MAOS'!B:J,3,FALSE) ) -> #N/A | E7: =IFERROR( IF(VLOOKUP(B7,'SUMBER REKAP APAR'!F:O,3,FALSE)="", VLOOKUP(B7,'REKAP APAR FT MAOS'!B:J,4,FALSE), VLOOKUP(B7,'SUMBER REKAP APAR'!F:O,3,FALSE) ), VLOOKUP(B7,'REKAP APAR FT MAOS'!B:J,4,FALSE) ) -> #N/A | F7: =IFERROR( IF(VLOOKUP(B7,'SUMBER REKAP APAR'!F:O,4,FALSE)="", VLOOKUP(B7,'REKAP APAR FT MAOS'!B:J,5,FALSE), VLOOKUP(B7,'SUMBER REKAP APAR'!F:O,4,FALSE) ), VLOOKUP(B7,'REKAP APAR FT MAOS'!B:J,5,FALSE) ) -> 46111 | G7: =IFERROR( IF(VLOOKUP(B7,'SUMBER REKAP APAR'!F:O,5,FALSE)="", VLOOKUP(B7,'REKAP APAR FT MAOS'!B:J,6,FALSE), VLOOKUP(B7,'SUMBER REKAP APAR'!F:O,5,FALSE) ), VLOOKUP(B7,'REKAP APAR FT MAOS'!B:J,6,FALSE) ) -> 46111 | H7: =IFERROR( IF(VLOOKUP(B7,'SUMBER REKAP APAR'!F:O,6,FALSE)="", VLOOKUP(B7,'REKAP APAR FT MAOS'!B:J,7,FALSE), VLOOKUP(B7,'SUMBER REKAP APAR'!F:O,6,FALSE) ), VLOOKUP(B7,'REKAP APAR FT MAOS'!B:J,7,FALSE) ) -> #N/A | I7: =IFERROR( IF(VLOOKUP(B7,'SUMBER REKAP APAR'!F:O,7,FALSE)="", VLOOKUP(B7,'REKAP APAR FT MAOS'!B:J,8,FALSE), VLOOKUP(B7,'SUMBER REKAP APAR'!F:O,7,FALSE) ), VLOOKUP(B7,'REKAP APAR FT MAOS'!B:J,8,FALSE) ) -> #N/A | J7: =IFERROR( IF(VLOOKUP(B7,'SUMBER REKAP APAR'!F:O,8,FALSE)="", VLOOKUP(B7,'REKAP APAR FT MAOS'!B:J,9,FALSE), VLOOKUP(B7,'SUMBER REKAP APAR'!F:O,8,FALSE) ), VLOOKUP(B7,'REKAP APAR FT MAOS'!B:J,9,FALSE) ) -> #N/A | K7: =IFERROR( IF(VLOOKUP(B7,'SUMBER REKAP APAR'!F:O,9,FALSE)="", VLOOKUP(B7,'REKAP APAR FT MAOS'!B:J,10,FALSE), VLOOKUP(B7,'SUMBER REKAP APAR'!F:O,9,FALSE) ), VLOOKUP(B7,'REKAP APAR FT MAOS'!B:J,10,FALSE) ) -> #N/A | L7: =IFERROR( IF(VLOOKUP(B7,'SUMBER REKAP APAR'!F:O,10,FALSE)="", VLOOKUP(B7,'REKAP APAR FT MAOS'!B:J,11,FALSE), VLOOKUP(B7,'SUMBER REKAP APAR'!F:O,10,FALSE) ), VLOOKUP(B7,'REKAP APAR FT MAOS'!B:J,11,FALSE) ) -> #N/A | M7: =IFERROR( IF(VLOOKUP(B7,'SUMBER REKAP APAR'!F:Q,11,FALSE)="", VLOOKUP(B7,'REKAP APAR FT MAOS'!B:J,12,FALSE), VLOOKUP(B7,'SUMBER REKAP APAR'!F:Q,11,FALSE) ), VLOOKUP(B7,'REKAP APAR FT MAOS'!B:J,12,FALSE) ) -> #N/A | N7: =IF(OR($AA$1="",D7=""),"",D7-$AA$1) -> #N/A | O7: =IF(OR($AA$1="",E7=""),"",E7-$AA$1) -> #N/A | P7: =IF(OR($AA$1="",F7=""),"",F7-$AA$1) -> -186 | Q7: =IF(OR($AA$1="",G7=""),"",G7-$AA$1) -> -186 | R7: =IF(OR($AA$1="",H7=""),"",H7-$AA$1) -> #N/A | T7: =COUNTIF(N7, "<30") -> 0 | U7: =COUNTIF(O7, "<30") -> 0 | V7: =COUNTIF(P7, "<30") -> 1 | W7: =COUNTIF(Q7, "<30") -> 1 | X7: =COUNTIF(R7, "<30") -> 0 | Y7: =COUNTIF(T7:X7, ">0") -> 2
A8: 5 | B8: B9077SEI | C8: PT. PPN | D8: =IFERROR( IF(VLOOKUP(B8,'SUMBER REKAP APAR'!F:O,2,FALSE)="", VLOOKUP(B8,'REKAP APAR FT MAOS'!B:J,3,FALSE), VLOOKUP(B8,'SUMBER REKAP APAR'!F:O,2,FALSE) ), VLOOKUP(B8,'REKAP APAR FT MAOS'!B:J,3,FALSE) ) -> 46053 | E8: =IFERROR( IF(VLOOKUP(B8,'SUMBER REKAP APAR'!F:O,3,FALSE)="", VLOOKUP(B8,'REKAP APAR FT MAOS'!B:J,4,FALSE), VLOOKUP(B8,'SUMBER REKAP APAR'!F:O,3,FALSE) ), VLOOKUP(B8,'REKAP APAR FT MAOS'!B:J,4,FALSE) ) -> 46053 | F8: =IFERROR( IF(VLOOKUP(B8,'SUMBER REKAP APAR'!F:O,4,FALSE)="", VLOOKUP(B8,'REKAP APAR FT MAOS'!B:J,5,FALSE), VLOOKUP(B8,'SUMBER REKAP APAR'!F:O,4,FALSE) ), VLOOKUP(B8,'REKAP APAR FT MAOS'!B:J,5,FALSE) ) -> 46053 | G8: =IFERROR( IF(VLOOKUP(B8,'SUMBER REKAP APAR'!F:O,5,FALSE)="", VLOOKUP(B8,'REKAP APAR FT MAOS'!B:J,6,FALSE), VLOOKUP(B8,'SUMBER REKAP APAR'!F:O,5,FALSE) ), VLOOKUP(B8,'REKAP APAR FT MAOS'!B:J,6,FALSE) ) -> 46053 | H8: =IFERROR( IF(VLOOKUP(B8,'SUMBER REKAP APAR'!F:O,6,FALSE)="", VLOOKUP(B8,'REKAP APAR FT MAOS'!B:J,7,FALSE), VLOOKUP(B8,'SUMBER REKAP APAR'!F:O,6,FALSE) ), VLOOKUP(B8,'REKAP APAR FT MAOS'!B:J,7,FALSE) ) -> 46292 | I8: =IFERROR( IF(VLOOKUP(B8,'SUMBER REKAP APAR'!F:O,7,FALSE)="", VLOOKUP(B8,'REKAP APAR FT MAOS'!B:J,8,FALSE), VLOOKUP(B8,'SUMBER REKAP APAR'!F:O,7,FALSE) ), VLOOKUP(B8,'REKAP APAR FT MAOS'!B:J,8,FALSE) ) -> 46292 | J8: =IFERROR( IF(VLOOKUP(B8,'SUMBER REKAP APAR'!F:O,8,FALSE)="", VLOOKUP(B8,'REKAP APAR FT MAOS'!B:J,9,FALSE), VLOOKUP(B8,'SUMBER REKAP APAR'!F:O,8,FALSE) ), VLOOKUP(B8,'REKAP APAR FT MAOS'!B:J,9,FALSE) ) -> 46292 | K8: =IFERROR( IF(VLOOKUP(B8,'SUMBER REKAP APAR'!F:O,9,FALSE)="", VLOOKUP(B8,'REKAP APAR FT MAOS'!B:J,10,FALSE), VLOOKUP(B8,'SUMBER REKAP APAR'!F:O,9,FALSE) ), VLOOKUP(B8,'REKAP APAR FT MAOS'!B:J,10,FALSE) ) -> #REF! | L8: =IFERROR( IF(VLOOKUP(B8,'SUMBER REKAP APAR'!F:O,10,FALSE)="", VLOOKUP(B8,'REKAP APAR FT MAOS'!B:J,11,FALSE), VLOOKUP(B8,'SUMBER REKAP APAR'!F:O,10,FALSE) ), VLOOKUP(B8,'REKAP APAR FT MAOS'!B:J,11,FALSE) ) -> #REF! | M8: =IFERROR( IF(VLOOKUP(B8,'SUMBER REKAP APAR'!F:Q,11,FALSE)="", VLOOKUP(B8,'REKAP APAR FT MAOS'!B:J,12,FALSE), VLOOKUP(B8,'SUMBER REKAP APAR'!F:Q,11,FALSE) ), VLOOKUP(B8,'REKAP APAR FT MAOS'!B:J,12,FALSE) ) -> #REF! | N8: =IF(OR($AA$1="",D8=""),"",D8-$AA$1) -> -244 | O8: =IF(OR($AA$1="",E8=""),"",E8-$AA$1) -> -244 | P8: =IF(OR($AA$1="",F8=""),"",F8-$AA$1) -> -244 | Q8: =IF(OR($AA$1="",G8=""),"",G8-$AA$1) -> -244 | R8: =IF(OR($AA$1="",H8=""),"",H8-$AA$1) -> -5 | T8: =COUNTIF(N8, "<30") -> 1 | U8: =COUNTIF(O8, "<30") -> 1 | V8: =COUNTIF(P8, "<30") -> 1 | W8: =COUNTIF(Q8, "<30") -> 1 | X8: =COUNTIF(R8, "<30") -> 1 | Y8: =COUNTIF(T8:X8, ">0") -> 5
A9: 6 | B9: B9106SEI | C9: PT. PPN | D9: =IFERROR( IF(VLOOKUP(B9,'SUMBER REKAP APAR'!F:O,2,FALSE)="", VLOOKUP(B9,'REKAP APAR FT MAOS'!B:J,3,FALSE), VLOOKUP(B9,'SUMBER REKAP APAR'!F:O,2,FALSE) ), VLOOKUP(B9,'REKAP APAR FT MAOS'!B:J,3,FALSE) ) -> 0 | E9: =IFERROR( IF(VLOOKUP(B9,'SUMBER REKAP APAR'!F:O,3,FALSE)="", VLOOKUP(B9,'REKAP APAR FT MAOS'!B:J,4,FALSE), VLOOKUP(B9,'SUMBER REKAP APAR'!F:O,3,FALSE) ), VLOOKUP(B9,'REKAP APAR FT MAOS'!B:J,4,FALSE) ) -> 0 | F9: =IFERROR( IF(VLOOKUP(B9,'SUMBER REKAP APAR'!F:O,4,FALSE)="", VLOOKUP(B9,'REKAP APAR FT MAOS'!B:J,5,FALSE), VLOOKUP(B9,'SUMBER REKAP APAR'!F:O,4,FALSE) ), VLOOKUP(B9,'REKAP APAR FT MAOS'!B:J,5,FALSE) ) -> 46111 | G9: =IFERROR( IF(VLOOKUP(B9,'SUMBER REKAP APAR'!F:O,5,FALSE)="", VLOOKUP(B9,'REKAP APAR FT MAOS'!B:J,6,FALSE), VLOOKUP(B9,'SUMBER REKAP APAR'!F:O,5,FALSE) ), VLOOKUP(B9,'REKAP APAR FT MAOS'!B:J,6,FALSE) ) -> 46111 | H9: =IFERROR( IF(VLOOKUP(B9,'SUMBER REKAP APAR'!F:O,6,FALSE)="", VLOOKUP(B9,'REKAP APAR FT MAOS'!B:J,7,FALSE), VLOOKUP(B9,'SUMBER REKAP APAR'!F:O,6,FALSE) ), VLOOKUP(B9,'REKAP APAR FT MAOS'!B:J,7,FALSE) ) -> 0 | I9: =IFERROR( IF(VLOOKUP(B9,'SUMBER REKAP APAR'!F:O,7,FALSE)="", VLOOKUP(B9,'REKAP APAR FT MAOS'!B:J,8,FALSE), VLOOKUP(B9,'SUMBER REKAP APAR'!F:O,7,FALSE) ), VLOOKUP(B9,'REKAP APAR FT MAOS'!B:J,8,FALSE) ) -> 46292 | J9: =IFERROR( IF(VLOOKUP(B9,'SUMBER REKAP APAR'!F:O,8,FALSE)="", VLOOKUP(B9,'REKAP APAR FT MAOS'!B:J,9,FALSE), VLOOKUP(B9,'SUMBER REKAP APAR'!F:O,8,FALSE) ), VLOOKUP(B9,'REKAP APAR FT MAOS'!B:J,9,FALSE) ) -> 46292 | K9: =IFERROR( IF(VLOOKUP(B9,'SUMBER REKAP APAR'!F:O,9,FALSE)="", VLOOKUP(B9,'REKAP APAR FT MAOS'!B:J,10,FALSE), VLOOKUP(B9,'SUMBER REKAP APAR'!F:O,9,FALSE) ), VLOOKUP(B9,'REKAP APAR FT MAOS'!B:J,10,FALSE) ) -> #REF! | L9: =IFERROR( IF(VLOOKUP(B9,'SUMBER REKAP APAR'!F:O,10,FALSE)="", VLOOKUP(B9,'REKAP APAR FT MAOS'!B:J,11,FALSE), VLOOKUP(B9,'SUMBER REKAP APAR'!F:O,10,FALSE) ), VLOOKUP(B9,'REKAP APAR FT MAOS'!B:J,11,FALSE) ) -> #REF! | M9: =IFERROR( IF(VLOOKUP(B9,'SUMBER REKAP APAR'!F:Q,11,FALSE)="", VLOOKUP(B9,'REKAP APAR FT MAOS'!B:J,12,FALSE), VLOOKUP(B9,'SUMBER REKAP APAR'!F:Q,11,FALSE) ), VLOOKUP(B9,'REKAP APAR FT MAOS'!B:J,12,FALSE) ) -> #REF! | N9: =IF(OR($AA$1="",D9=""),"",D9-$AA$1) -> -46297 | O9: =IF(OR($AA$1="",E9=""),"",E9-$AA$1) -> -46297 | P9: =IF(OR($AA$1="",F9=""),"",F9-$AA$1) -> -186 | Q9: =IF(OR($AA$1="",G9=""),"",G9-$AA$1) -> -186 | R9: =IF(OR($AA$1="",H9=""),"",H9-$AA$1) -> -46297 | T9: =COUNTIF(N9, "<30") -> 1 | U9: =COUNTIF(O9, "<30") -> 1 | V9: =COUNTIF(P9, "<30") -> 1 | W9: =COUNTIF(Q9, "<30") -> 1 | X9: =COUNTIF(R9, "<30") -> 1 | Y9: =COUNTIF(T9:X9, ">0") -> 5
A10: 7 | B10: B9223SFV | C10: PT. PPN | D10: =IFERROR( IF(VLOOKUP(B10,'SUMBER REKAP APAR'!F:O,2,FALSE)="", VLOOKUP(B10,'REKAP APAR FT MAOS'!B:J,3,FALSE), VLOOKUP(B10,'SUMBER REKAP APAR'!F:O,2,FALSE) ), VLOOKUP(B10,'REKAP APAR FT MAOS'!B:J,3,FALSE) ) -> 45943 | E10: =IFERROR( IF(VLOOKUP(B10,'SUMBER REKAP APAR'!F:O,3,FALSE)="", VLOOKUP(B10,'REKAP APAR FT MAOS'!B:J,4,FALSE), VLOOKUP(B10,'SUMBER REKAP APAR'!F:O,3,FALSE) ), VLOOKUP(B10,'REKAP APAR FT MAOS'!B:J,4,FALSE) ) -> 45943 | F10: =IFERROR( IF(VLOOKUP(B10,'SUMBER REKAP APAR'!F:O,4,FALSE)="", VLOOKUP(B10,'REKAP APAR FT MAOS'!B:J,5,FALSE), VLOOKUP(B10,'SUMBER REKAP APAR'!F:O,4,FALSE) ), VLOOKUP(B10,'REKAP APAR FT MAOS'!B:J,5,FALSE) ) -> 0 | G10: =IFERROR( IF(VLOOKUP(B10,'SUMBER REKAP APAR'!F:O,5,FALSE)="", VLOOKUP(B10,'REKAP APAR FT MAOS'!B:J,6,FALSE), VLOOKUP(B10,'SUMBER REKAP APAR'!F:O,5,FALSE) ), VLOOKUP(B10,'REKAP APAR FT MAOS'!B:J,6,FALSE) ) -> 0 | H10: =IFERROR( IF(VLOOKUP(B10,'SUMBER REKAP APAR'!F:O,6,FALSE)="", VLOOKUP(B10,'REKAP APAR FT MAOS'!B:J,7,FALSE), VLOOKUP(B10,'SUMBER REKAP APAR'!F:O,6,FALSE) ), VLOOKUP(B10,'REKAP APAR FT MAOS'!B:J,7,FALSE) ) -> 46470 | I10: =IFERROR( IF(VLOOKUP(B10,'SUMBER REKAP APAR'!F:O,7,FALSE)="", VLOOKUP(B10,'REKAP APAR FT MAOS'!B:J,8,FALSE), VLOOKUP(B10,'SUMBER REKAP APAR'!F:O,7,FALSE) ), VLOOKUP(B10,'REKAP APAR FT MAOS'!B:J,8,FALSE) ) -> 0 | J10: =IFERROR( IF(VLOOKUP(B10,'SUMBER REKAP APAR'!F:O,8,FALSE)="", VLOOKUP(B10,'REKAP APAR FT MAOS'!B:J,9,FALSE), VLOOKUP(B10,'SUMBER REKAP APAR'!F:O,8,FALSE) ), VLOOKUP(B10,'REKAP APAR FT MAOS'!B:J,9,FALSE) ) -> 46470 | K10: =IFERROR( IF(VLOOKUP(B10,'SUMBER REKAP APAR'!F:O,9,FALSE)="", VLOOKUP(B10,'REKAP APAR FT MAOS'!B:J,10,FALSE), VLOOKUP(B10,'SUMBER REKAP APAR'!F:O,9,FALSE) ), VLOOKUP(B10,'REKAP APAR FT MAOS'!B:J,10,FALSE) ) -> #REF! | L10: =IFERROR( IF(VLOOKUP(B10,'SUMBER REKAP APAR'!F:O,10,FALSE)="", VLOOKUP(B10,'REKAP APAR FT MAOS'!B:J,11,FALSE), VLOOKUP(B10,'SUMBER REKAP APAR'!F:O,10,FALSE) ), VLOOKUP(B10,'REKAP APAR FT MAOS'!B:J,11,FALSE) ) -> #REF! | M10: =IFERROR( IF(VLOOKUP(B10,'SUMBER REKAP APAR'!F:Q,11,FALSE)="", VLOOKUP(B10,'REKAP APAR FT MAOS'!B:J,12,FALSE), VLOOKUP(B10,'SUMBER REKAP APAR'!F:Q,11,FALSE) ), VLOOKUP(B10,'REKAP APAR FT MAOS'!B:J,12,FALSE) ) -> #REF! | N10: =IF(OR($AA$1="",D10=""),"",D10-$AA$1) -> -354 | O10: =IF(OR($AA$1="",E10=""),"",E10-$AA$1) -> -354 | P10: =IF(OR($AA$1="",F10=""),"",F10-$AA$1) -> -46297 | Q10: =IF(OR($AA$1="",G10=""),"",G10-$AA$1) -> -46297 | R10: =IF(OR($AA$1="",H10=""),"",H10-$AA$1) -> 173 | T10: =COUNTIF(N10, "<30") -> 1 | U10: =COUNTIF(O10, "<30") -> 1 | V10: =COUNTIF(P10, "<30") -> 1 | W10: =COUNTIF(Q10, "<30") -> 1 | X10: =COUNTIF(R10, "<30") -> 0 | Y10: =COUNTIF(T10:X10, ">0") -> 4
A11: 8 | B11: B9504TEI | C11: PT. ADAM TRANS | D11: =IFERROR( IF(VLOOKUP(B11,'SUMBER REKAP APAR'!F:O,2,FALSE)="", VLOOKUP(B11,'REKAP APAR FT MAOS'!B:J,3,FALSE), VLOOKUP(B11,'SUMBER REKAP APAR'!F:O,2,FALSE) ), VLOOKUP(B11,'REKAP APAR FT MAOS'!B:J,3,FALSE) ) -> 46283 | E11: =IFERROR( IF(VLOOKUP(B11,'SUMBER REKAP APAR'!F:O,3,FALSE)="", VLOOKUP(B11,'REKAP APAR FT MAOS'!B:J,4,FALSE), VLOOKUP(B11,'SUMBER REKAP APAR'!F:O,3,FALSE) ), VLOOKUP(B11,'REKAP APAR FT MAOS'!B:J,4,FALSE) ) -> 0 | F11: =IFERROR( IF(VLOOKUP(B11,'SUMBER REKAP APAR'!F:O,4,FALSE)="", VLOOKUP(B11,'REKAP APAR FT MAOS'!B:J,5,FALSE), VLOOKUP(B11,'SUMBER REKAP APAR'!F:O,4,FALSE) ), VLOOKUP(B11,'REKAP APAR FT MAOS'!B:J,5,FALSE) ) -> 0 | G11: =IFERROR( IF(VLOOKUP(B11,'SUMBER REKAP APAR'!F:O,5,FALSE)="", VLOOKUP(B11,'REKAP APAR FT MAOS'!B:J,6,FALSE), VLOOKUP(B11,'SUMBER REKAP APAR'!F:O,5,FALSE) ), VLOOKUP(B11,'REKAP APAR FT MAOS'!B:J,6,FALSE) ) -> 0 | H11: =IFERROR( IF(VLOOKUP(B11,'SUMBER REKAP APAR'!F:O,6,FALSE)="", VLOOKUP(B11,'REKAP APAR FT MAOS'!B:J,7,FALSE), VLOOKUP(B11,'SUMBER REKAP APAR'!F:O,6,FALSE) ), VLOOKUP(B11,'REKAP APAR FT MAOS'!B:J,7,FALSE) ) -> 46352 | I11: =IFERROR( IF(VLOOKUP(B11,'SUMBER REKAP APAR'!F:O,7,FALSE)="", VLOOKUP(B11,'REKAP APAR FT MAOS'!B:J,8,FALSE), VLOOKUP(B11,'SUMBER REKAP APAR'!F:O,7,FALSE) ), VLOOKUP(B11,'REKAP APAR FT MAOS'!B:J,8,FALSE) ) -> 0 | J11: =IFERROR( IF(VLOOKUP(B11,'SUMBER REKAP APAR'!F:O,8,FALSE)="", VLOOKUP(B11,'REKAP APAR FT MAOS'!B:J,9,FALSE), VLOOKUP(B11,'SUMBER REKAP APAR'!F:O,8,FALSE) ), VLOOKUP(B11,'REKAP APAR FT MAOS'!B:J,9,FALSE) ) -> 46352 | K11: =IFERROR( IF(VLOOKUP(B11,'SUMBER REKAP APAR'!F:O,9,FALSE)="", VLOOKUP(B11,'REKAP APAR FT MAOS'!B:J,10,FALSE), VLOOKUP(B11,'SUMBER REKAP APAR'!F:O,9,FALSE) ), VLOOKUP(B11,'REKAP APAR FT MAOS'!B:J,10,FALSE) ) -> #REF! | L11: =IFERROR( IF(VLOOKUP(B11,'SUMBER REKAP APAR'!F:O,10,FALSE)="", VLOOKUP(B11,'REKAP APAR FT MAOS'!B:J,11,FALSE), VLOOKUP(B11,'SUMBER REKAP APAR'!F:O,10,FALSE) ), VLOOKUP(B11,'REKAP APAR FT MAOS'!B:J,11,FALSE) ) -> #REF! | M11: =IFERROR( IF(VLOOKUP(B11,'SUMBER REKAP APAR'!F:Q,11,FALSE)="", VLOOKUP(B11,'REKAP APAR FT MAOS'!B:J,12,FALSE), VLOOKUP(B11,'SUMBER REKAP APAR'!F:Q,11,FALSE) ), VLOOKUP(B11,'REKAP APAR FT MAOS'!B:J,12,FALSE) ) -> #REF! | N11: =IF(OR($AA$1="",D11=""),"",D11-$AA$1) -> -14 | O11: =IF(OR($AA$1="",E11=""),"",E11-$AA$1) -> -46297 | P11: =IF(OR($AA$1="",F11=""),"",F11-$AA$1) -> -46297 | Q11: =IF(OR($AA$1="",G11=""),"",G11-$AA$1) -> -46297 | R11: =IF(OR($AA$1="",H11=""),"",H11-$AA$1) -> 55 | T11: =COUNTIF(N11, "<30") -> 1 | U11: =COUNTIF(O11, "<30") -> 1 | V11: =COUNTIF(P11, "<30") -> 1 | W11: =COUNTIF(Q11, "<30") -> 1 | X11: =COUNTIF(R11, "<30") -> 0 | Y11: =COUNTIF(T11:X11, ">0") -> 4
A12: 9 | B12: B9505TEI | C12: PT. ADAM TRANS | D12: =IFERROR( IF(VLOOKUP(B12,'SUMBER REKAP APAR'!F:O,2,FALSE)="", VLOOKUP(B12,'REKAP APAR FT MAOS'!B:J,3,FALSE), VLOOKUP(B12,'SUMBER REKAP APAR'!F:O,2,FALSE) ), VLOOKUP(B12,'REKAP APAR FT MAOS'!B:J,3,FALSE) ) -> 46446 | E12: =IFERROR( IF(VLOOKUP(B12,'SUMBER REKAP APAR'!F:O,3,FALSE)="", VLOOKUP(B12,'REKAP APAR FT MAOS'!B:J,4,FALSE), VLOOKUP(B12,'SUMBER REKAP APAR'!F:O,3,FALSE) ), VLOOKUP(B12,'REKAP APAR FT MAOS'!B:J,4,FALSE) ) -> 46446 | F12: =IFERROR( IF(VLOOKUP(B12,'SUMBER REKAP APAR'!F:O,4,FALSE)="", VLOOKUP(B12,'REKAP APAR FT MAOS'!B:J,5,FALSE), VLOOKUP(B12,'SUMBER REKAP APAR'!F:O,4,FALSE) ), VLOOKUP(B12,'REKAP APAR FT MAOS'!B:J,5,FALSE) ) -> 0 | G12: =IFERROR( IF(VLOOKUP(B12,'SUMBER REKAP APAR'!F:O,5,FALSE)="", VLOOKUP(B12,'REKAP APAR FT MAOS'!B:J,6,FALSE), VLOOKUP(B12,'SUMBER REKAP APAR'!F:O,5,FALSE) ), VLOOKUP(B12,'REKAP APAR FT MAOS'!B:J,6,FALSE) ) -> 46111 | H12: =IFERROR( IF(VLOOKUP(B12,'SUMBER REKAP APAR'!F:O,6,FALSE)="", VLOOKUP(B12,'REKAP APAR FT MAOS'!B:J,7,FALSE), VLOOKUP(B12,'SUMBER REKAP APAR'!F:O,6,FALSE) ), VLOOKUP(B12,'REKAP APAR FT MAOS'!B:J,7,FALSE) ) -> 46446 | I12: =IFERROR( IF(VLOOKUP(B12,'SUMBER REKAP APAR'!F:O,7,FALSE)="", VLOOKUP(B12,'REKAP APAR FT MAOS'!B:J,8,FALSE), VLOOKUP(B12,'SUMBER REKAP APAR'!F:O,7,FALSE) ), VLOOKUP(B12,'REKAP APAR FT MAOS'!B:J,8,FALSE) ) -> 0 | J12: =IFERROR( IF(VLOOKUP(B12,'SUMBER REKAP APAR'!F:O,8,FALSE)="", VLOOKUP(B12,'REKAP APAR FT MAOS'!B:J,9,FALSE), VLOOKUP(B12,'SUMBER REKAP APAR'!F:O,8,FALSE) ), VLOOKUP(B12,'REKAP APAR FT MAOS'!B:J,9,FALSE) ) -> 46292 | K12: =IFERROR( IF(VLOOKUP(B12,'SUMBER REKAP APAR'!F:O,9,FALSE)="", VLOOKUP(B12,'REKAP APAR FT MAOS'!B:J,10,FALSE), VLOOKUP(B12,'SUMBER REKAP APAR'!F:O,9,FALSE) ), VLOOKUP(B12,'REKAP APAR FT MAOS'!B:J,10,FALSE) ) -> #REF! | L12: =IFERROR( IF(VLOOKUP(B12,'SUMBER REKAP APAR'!F:O,10,FALSE)="", VLOOKUP(B12,'REKAP APAR FT MAOS'!B:J,11,FALSE), VLOOKUP(B12,'SUMBER REKAP APAR'!F:O,10,FALSE) ), VLOOKUP(B12,'REKAP APAR FT MAOS'!B:J,11,FALSE) ) -> #REF! | M12: =IFERROR( IF(VLOOKUP(B12,'SUMBER REKAP APAR'!F:Q,11,FALSE)="", VLOOKUP(B12,'REKAP APAR FT MAOS'!B:J,12,FALSE), VLOOKUP(B12,'SUMBER REKAP APAR'!F:Q,11,FALSE) ), VLOOKUP(B12,'REKAP APAR FT MAOS'!B:J,12,FALSE) ) -> #REF! | N12: =IF(OR($AA$1="",D12=""),"",D12-$AA$1) -> 149 | O12: =IF(OR($AA$1="",E12=""),"",E12-$AA$1) -> 149 | P12: =IF(OR($AA$1="",F12=""),"",F12-$AA$1) -> -46297 | Q12: =IF(OR($AA$1="",G12=""),"",G12-$AA$1) -> -186 | R12: =IF(OR($AA$1="",H12=""),"",H12-$AA$1) -> 149 | T12: =COUNTIF(N12, "<30") -> 0 | U12: =COUNTIF(O12, "<30") -> 0 | V12: =COUNTIF(P12, "<30") -> 1 | W12: =COUNTIF(Q12, "<30") -> 1 | X12: =COUNTIF(R12, "<30") -> 0 | Y12: =COUNTIF(T12:X12, ">0") -> 2
A13: 10 | B13: B9520TEI | C13: PT. ADAM TRANS | D13: =IFERROR( IF(VLOOKUP(B13,'SUMBER REKAP APAR'!F:O,2,FALSE)="", VLOOKUP(B13,'REKAP APAR FT MAOS'!B:J,3,FALSE), VLOOKUP(B13,'SUMBER REKAP APAR'!F:O,2,FALSE) ), VLOOKUP(B13,'REKAP APAR FT MAOS'!B:J,3,FALSE) ) -> 46283 | E13: =IFERROR( IF(VLOOKUP(B13,'SUMBER REKAP APAR'!F:O,3,FALSE)="", VLOOKUP(B13,'REKAP APAR FT MAOS'!B:J,4,FALSE), VLOOKUP(B13,'SUMBER REKAP APAR'!F:O,3,FALSE) ), VLOOKUP(B13,'REKAP APAR FT MAOS'!B:J,4,FALSE) ) -> 46283 | F13: =IFERROR( IF(VLOOKUP(B13,'SUMBER REKAP APAR'!F:O,4,FALSE)="", VLOOKUP(B13,'REKAP APAR FT MAOS'!B:J,5,FALSE), VLOOKUP(B13,'SUMBER REKAP APAR'!F:O,4,FALSE) ), VLOOKUP(B13,'REKAP APAR FT MAOS'!B:J,5,FALSE) ) -> 46111 | G13: =IFERROR( IF(VLOOKUP(B13,'SUMBER REKAP APAR'!F:O,5,FALSE)="", VLOOKUP(B13,'REKAP APAR FT MAOS'!B:J,6,FALSE), VLOOKUP(B13,'SUMBER REKAP APAR'!F:O,5,FALSE) ), VLOOKUP(B13,'REKAP APAR FT MAOS'!B:J,6,FALSE) ) -> 46111 | H13: =IFERROR( IF(VLOOKUP(B13,'SUMBER REKAP APAR'!F:O,6,FALSE)="", VLOOKUP(B13,'REKAP APAR FT MAOS'!B:J,7,FALSE), VLOOKUP(B13,'SUMBER REKAP APAR'!F:O,6,FALSE) ), VLOOKUP(B13,'REKAP APAR FT MAOS'!B:J,7,FALSE) ) -> 46446 | I13: =IFERROR( IF(VLOOKUP(B13,'SUMBER REKAP APAR'!F:O,7,FALSE)="", VLOOKUP(B13,'REKAP APAR FT MAOS'!B:J,8,FALSE), VLOOKUP(B13,'SUMBER REKAP APAR'!F:O,7,FALSE) ), VLOOKUP(B13,'REKAP APAR FT MAOS'!B:J,8,FALSE) ) -> 0 | J13: =IFERROR( IF(VLOOKUP(B13,'SUMBER REKAP APAR'!F:O,8,FALSE)="", VLOOKUP(B13,'REKAP APAR FT MAOS'!B:J,9,FALSE), VLOOKUP(B13,'SUMBER REKAP APAR'!F:O,8,FALSE) ), VLOOKUP(B13,'REKAP APAR FT MAOS'!B:J,9,FALSE) ) -> 46446 | K13: =IFERROR( IF(VLOOKUP(B13,'SUMBER REKAP APAR'!F:O,9,FALSE)="", VLOOKUP(B13,'REKAP APAR FT MAOS'!B:J,10,FALSE), VLOOKUP(B13,'SUMBER REKAP APAR'!F:O,9,FALSE) ), VLOOKUP(B13,'REKAP APAR FT MAOS'!B:J,10,FALSE) ) -> #REF! | L13: =IFERROR( IF(VLOOKUP(B13,'SUMBER REKAP APAR'!F:O,10,FALSE)="", VLOOKUP(B13,'REKAP APAR FT MAOS'!B:J,11,FALSE), VLOOKUP(B13,'SUMBER REKAP APAR'!F:O,10,FALSE) ), VLOOKUP(B13,'REKAP APAR FT MAOS'!B:J,11,FALSE) ) -> #REF! | M13: =IFERROR( IF(VLOOKUP(B13,'SUMBER REKAP APAR'!F:Q,11,FALSE)="", VLOOKUP(B13,'REKAP APAR FT MAOS'!B:J,12,FALSE), VLOOKUP(B13,'SUMBER REKAP APAR'!F:Q,11,FALSE) ), VLOOKUP(B13,'REKAP APAR FT MAOS'!B:J,12,FALSE) ) -> #REF! | N13: =IF(OR($AA$1="",D13=""),"",D13-$AA$1) -> -14 | O13: =IF(OR($AA$1="",E13=""),"",E13-$AA$1) -> -14 | P13: =IF(OR($AA$1="",F13=""),"",F13-$AA$1) -> -186 | Q13: =IF(OR($AA$1="",G13=""),"",G13-$AA$1) -> -186 | R13: =IF(OR($AA$1="",H13=""),"",H13-$AA$1) -> 149 | T13: =COUNTIF(N13, "<30") -> 1 | U13: =COUNTIF(O13, "<30") -> 1 | V13: =COUNTIF(P13, "<30") -> 1 | W13: =COUNTIF(Q13, "<30") -> 1 | X13: =COUNTIF(R13, "<30") -> 0 | Y13: =COUNTIF(T13:X13, ">0") -> 4
A14: 11 | B14: B9810TEI | C14: PT. ADAM TRANS | D14: =IFERROR( IF(VLOOKUP(B14,'SUMBER REKAP APAR'!F:O,2,FALSE)="", VLOOKUP(B14,'REKAP APAR FT MAOS'!B:J,3,FALSE), VLOOKUP(B14,'SUMBER REKAP APAR'!F:O,2,FALSE) ), VLOOKUP(B14,'REKAP APAR FT MAOS'!B:J,3,FALSE) ) -> 46418 | E14: =IFERROR( IF(VLOOKUP(B14,'SUMBER REKAP APAR'!F:O,3,FALSE)="", VLOOKUP(B14,'REKAP APAR FT MAOS'!B:J,4,FALSE), VLOOKUP(B14,'SUMBER REKAP APAR'!F:O,3,FALSE) ), VLOOKUP(B14,'REKAP APAR FT MAOS'!B:J,4,FALSE) ) -> 46418 | F14: =IFERROR( IF(VLOOKUP(B14,'SUMBER REKAP APAR'!F:O,4,FALSE)="", VLOOKUP(B14,'REKAP APAR FT MAOS'!B:J,5,FALSE), VLOOKUP(B14,'SUMBER REKAP APAR'!F:O,4,FALSE) ), VLOOKUP(B14,'REKAP APAR FT MAOS'!B:J,5,FALSE) ) -> 46376 | G14: =IFERROR( IF(VLOOKUP(B14,'SUMBER REKAP APAR'!F:O,5,FALSE)="", VLOOKUP(B14,'REKAP APAR FT MAOS'!B:J,6,FALSE), VLOOKUP(B14,'SUMBER REKAP APAR'!F:O,5,FALSE) ), VLOOKUP(B14,'REKAP APAR FT MAOS'!B:J,6,FALSE) ) -> 0 | H14: =IFERROR( IF(VLOOKUP(B14,'SUMBER REKAP APAR'!F:O,6,FALSE)="", VLOOKUP(B14,'REKAP APAR FT MAOS'!B:J,7,FALSE), VLOOKUP(B14,'SUMBER REKAP APAR'!F:O,6,FALSE) ), VLOOKUP(B14,'REKAP APAR FT MAOS'!B:J,7,FALSE) ) -> 0 | I14: =IFERROR( IF(VLOOKUP(B14,'SUMBER REKAP APAR'!F:O,7,FALSE)="", VLOOKUP(B14,'REKAP APAR FT MAOS'!B:J,8,FALSE), VLOOKUP(B14,'SUMBER REKAP APAR'!F:O,7,FALSE) ), VLOOKUP(B14,'REKAP APAR FT MAOS'!B:J,8,FALSE) ) -> 0 | J14: =IFERROR( IF(VLOOKUP(B14,'SUMBER REKAP APAR'!F:O,8,FALSE)="", VLOOKUP(B14,'REKAP APAR FT MAOS'!B:J,9,FALSE), VLOOKUP(B14,'SUMBER REKAP APAR'!F:O,8,FALSE) ), VLOOKUP(B14,'REKAP APAR FT MAOS'!B:J,9,FALSE) ) -> 46254 | K14: =IFERROR( IF(VLOOKUP(B14,'SUMBER REKAP APAR'!F:O,9,FALSE)="", VLOOKUP(B14,'REKAP APAR FT MAOS'!B:J,10,FALSE), VLOOKUP(B14,'SUMBER REKAP APAR'!F:O,9,FALSE) ), VLOOKUP(B14,'REKAP APAR FT MAOS'!B:J,10,FALSE) ) -> #REF! | L14: =IFERROR( IF(VLOOKUP(B14,'SUMBER REKAP APAR'!F:O,10,FALSE)="", VLOOKUP(B14,'REKAP APAR FT MAOS'!B:J,11,FALSE), VLOOKUP(B14,'SUMBER REKAP APAR'!F:O,10,FALSE) ), VLOOKUP(B14,'REKAP APAR FT MAOS'!B:J,11,FALSE) ) -> #REF! | M14: =IFERROR( IF(VLOOKUP(B14,'SUMBER REKAP APAR'!F:Q,11,FALSE)="", VLOOKUP(B14,'REKAP APAR FT MAOS'!B:J,12,FALSE), VLOOKUP(B14,'SUMBER REKAP APAR'!F:Q,11,FALSE) ), VLOOKUP(B14,'REKAP APAR FT MAOS'!B:J,12,FALSE) ) -> #REF! | N14: =IF(OR($AA$1="",D14=""),"",D14-$AA$1) -> 121 | O14: =IF(OR($AA$1="",E14=""),"",E14-$AA$1) -> 121 | P14: =IF(OR($AA$1="",F14=""),"",F14-$AA$1) -> 79 | Q14: =IF(OR($AA$1="",G14=""),"",G14-$AA$1) -> -46297 | R14: =IF(OR($AA$1="",H14=""),"",H14-$AA$1) -> -46297 | T14: =COUNTIF(N14, "<30") -> 0 | U14: =COUNTIF(O14, "<30") -> 0 | V14: =COUNTIF(P14, "<30") -> 0 | W14: =COUNTIF(Q14, "<30") -> 1 | X14: =COUNTIF(R14, "<30") -> 1 | Y14: =COUNTIF(T14:X14, ">0") -> 2
A15: 12 | B15: B9811TEI | C15: PT. ADAM TRANS | D15: =IFERROR( IF(VLOOKUP(B15,'SUMBER REKAP APAR'!F:O,2,FALSE)="", VLOOKUP(B15,'REKAP APAR FT MAOS'!B:J,3,FALSE), VLOOKUP(B15,'SUMBER REKAP APAR'!F:O,2,FALSE) ), VLOOKUP(B15,'REKAP APAR FT MAOS'!B:J,3,FALSE) ) -> 46283 | E15: =IFERROR( IF(VLOOKUP(B15,'SUMBER REKAP APAR'!F:O,3,FALSE)="", VLOOKUP(B15,'REKAP APAR FT MAOS'!B:J,4,FALSE), VLOOKUP(B15,'SUMBER REKAP APAR'!F:O,3,FALSE) ), VLOOKUP(B15,'REKAP APAR FT MAOS'!B:J,4,FALSE) ) -> 46283 | F15: =IFERROR( IF(VLOOKUP(B15,'SUMBER REKAP APAR'!F:O,4,FALSE)="", VLOOKUP(B15,'REKAP APAR FT MAOS'!B:J,5,FALSE), VLOOKUP(B15,'SUMBER REKAP APAR'!F:O,4,FALSE) ), VLOOKUP(B15,'REKAP APAR FT MAOS'!B:J,5,FALSE) ) -> 0 | G15: =IFERROR( IF(VLOOKUP(B15,'SUMBER REKAP APAR'!F:O,5,FALSE)="", VLOOKUP(B15,'REKAP APAR FT MAOS'!B:J,6,FALSE), VLOOKUP(B15,'SUMBER REKAP APAR'!F:O,5,FALSE) ), VLOOKUP(B15,'REKAP APAR FT MAOS'!B:J,6,FALSE) ) -> 0 | H15: =IFERROR( IF(VLOOKUP(B15,'SUMBER REKAP APAR'!F:O,6,FALSE)="", VLOOKUP(B15,'REKAP APAR FT MAOS'!B:J,7,FALSE), VLOOKUP(B15,'SUMBER REKAP APAR'!F:O,6,FALSE) ), VLOOKUP(B15,'REKAP APAR FT MAOS'!B:J,7,FALSE) ) -> 46325 | I15: =IFERROR( IF(VLOOKUP(B15,'SUMBER REKAP APAR'!F:O,7,FALSE)="", VLOOKUP(B15,'REKAP APAR FT MAOS'!B:J,8,FALSE), VLOOKUP(B15,'SUMBER REKAP APAR'!F:O,7,FALSE) ), VLOOKUP(B15,'REKAP APAR FT MAOS'!B:J,8,FALSE) ) -> 0 | J15: =IFERROR( IF(VLOOKUP(B15,'SUMBER REKAP APAR'!F:O,8,FALSE)="", VLOOKUP(B15,'REKAP APAR FT MAOS'!B:J,9,FALSE), VLOOKUP(B15,'SUMBER REKAP APAR'!F:O,8,FALSE) ), VLOOKUP(B15,'REKAP APAR FT MAOS'!B:J,9,FALSE) ) -> 46325 | K15: =IFERROR( IF(VLOOKUP(B15,'SUMBER REKAP APAR'!F:O,9,FALSE)="", VLOOKUP(B15,'REKAP APAR FT MAOS'!B:J,10,FALSE), VLOOKUP(B15,'SUMBER REKAP APAR'!F:O,9,FALSE) ), VLOOKUP(B15,'REKAP APAR FT MAOS'!B:J,10,FALSE) ) -> #REF! | L15: =IFERROR( IF(VLOOKUP(B15,'SUMBER REKAP APAR'!F:O,10,FALSE)="", VLOOKUP(B15,'REKAP APAR FT MAOS'!B:J,11,FALSE), VLOOKUP(B15,'SUMBER REKAP APAR'!F:O,10,FALSE) ), VLOOKUP(B15,'REKAP APAR FT MAOS'!B:J,11,FALSE) ) -> #REF! | M15: =IFERROR( IF(VLOOKUP(B15,'SUMBER REKAP APAR'!F:Q,11,FALSE)="", VLOOKUP(B15,'REKAP APAR FT MAOS'!B:J,12,FALSE), VLOOKUP(B15,'SUMBER REKAP APAR'!F:Q,11,FALSE) ), VLOOKUP(B15,'REKAP APAR FT MAOS'!B:J,12,FALSE) ) -> #REF! | N15: =IF(OR($AA$1="",D15=""),"",D15-$AA$1) -> -14 | O15: =IF(OR($AA$1="",E15=""),"",E15-$AA$1) -> -14 | P15: =IF(OR($AA$1="",F15=""),"",F15-$AA$1) -> -46297 | Q15: =IF(OR($AA$1="",G15=""),"",G15-$AA$1) -> -46297 | R15: =IF(OR($AA$1="",H15=""),"",H15-$AA$1) -> 28 | T15: =COUNTIF(N15, "<30") -> 1 | U15: =COUNTIF(O15, "<30") -> 1 | V15: =COUNTIF(P15, "<30") -> 1 | W15: =COUNTIF(Q15, "<30") -> 1 | X15: =COUNTIF(R15, "<30") -> 1 | Y15: =COUNTIF(T15:X15, ">0") -> 5
... A88: 85 | B88: B9246SFV | C88: PT. PPN | D88: =IFERROR( IF(VLOOKUP(B88,'SUMBER REKAP APAR'!F:O,2,FALSE)="", VLOOKUP(B88,'REKAP APAR FT MAOS'!B:J,3,FALSE), VLOOKUP(B88,'SUMBER REKAP APAR'!F:O,2,FALSE) ), VLOOKUP(B88,'REKAP APAR FT MAOS'!B:J,3,FALSE) ) -> 46418 | E88: =IFERROR( IF(VLOOKUP(B88,'SUMBER REKAP APAR'!F:O,3,FALSE)="", VLOOKUP(B88,'REKAP APAR FT MAOS'!B:J,4,FALSE), VLOOKUP(B88,'SUMBER REKAP APAR'!F:O,3,FALSE) ), VLOOKUP(B88,'REKAP APAR FT MAOS'!B:J,4,FALSE) ) -> 46418 | F88: =IFERROR( IF(VLOOKUP(B88,'SUMBER REKAP APAR'!F:O,4,FALSE)="", VLOOKUP(B88,'REKAP APAR FT MAOS'!B:J,5,FALSE), VLOOKUP(B88,'SUMBER REKAP APAR'!F:O,4,FALSE) ), VLOOKUP(B88,'REKAP APAR FT MAOS'!B:J,5,FALSE) ) -> 0 | G88: =IFERROR( IF(VLOOKUP(B88,'SUMBER REKAP APAR'!F:O,5,FALSE)="", VLOOKUP(B88,'REKAP APAR FT MAOS'!B:J,6,FALSE), VLOOKUP(B88,'SUMBER REKAP APAR'!F:O,5,FALSE) ), VLOOKUP(B88,'REKAP APAR FT MAOS'!B:J,6,FALSE) ) -> 0 | H88: =IFERROR( IF(VLOOKUP(B88,'SUMBER REKAP APAR'!F:O,6,FALSE)="", VLOOKUP(B88,'REKAP APAR FT MAOS'!B:J,7,FALSE), VLOOKUP(B88,'SUMBER REKAP APAR'!F:O,6,FALSE) ), VLOOKUP(B88,'REKAP APAR FT MAOS'!B:J,7,FALSE) ) -> 46325 | I88: =IFERROR( IF(VLOOKUP(B88,'SUMBER REKAP APAR'!F:O,7,FALSE)="", VLOOKUP(B88,'REKAP APAR FT MAOS'!B:J,8,FALSE), VLOOKUP(B88,'SUMBER REKAP APAR'!F:O,7,FALSE) ), VLOOKUP(B88,'REKAP APAR FT MAOS'!B:J,8,FALSE) ) -> 0 | J88: =IFERROR( IF(VLOOKUP(B88,'SUMBER REKAP APAR'!F:O,8,FALSE)="", VLOOKUP(B88,'REKAP APAR FT MAOS'!B:J,9,FALSE), VLOOKUP(B88,'SUMBER REKAP APAR'!F:O,8,FALSE) ), VLOOKUP(B88,'REKAP APAR FT MAOS'!B:J,9,FALSE) ) -> 46376 | K88: =IFERROR( IF(VLOOKUP(B88,'SUMBER REKAP APAR'!F:O,9,FALSE)="", VLOOKUP(B88,'REKAP APAR FT MAOS'!B:J,10,FALSE), VLOOKUP(B88,'SUMBER REKAP APAR'!F:O,9,FALSE) ), VLOOKUP(B88,'REKAP APAR FT MAOS'!B:J,10,FALSE) ) -> #REF! | L88: =IFERROR( IF(VLOOKUP(B88,'SUMBER REKAP APAR'!F:O,10,FALSE)="", VLOOKUP(B88,'REKAP APAR FT MAOS'!B:J,11,FALSE), VLOOKUP(B88,'SUMBER REKAP APAR'!F:O,10,FALSE) ), VLOOKUP(B88,'REKAP APAR FT MAOS'!B:J,11,FALSE) ) -> #REF! | M88: =IFERROR( IF(VLOOKUP(B88,'SUMBER REKAP APAR'!F:Q,11,FALSE)="", VLOOKUP(B88,'REKAP APAR FT MAOS'!B:J,12,FALSE), VLOOKUP(B88,'SUMBER REKAP APAR'!F:Q,11,FALSE) ), VLOOKUP(B88,'REKAP APAR FT MAOS'!B:J,12,FALSE) ) -> #REF! | N88: =IF(OR($AA$1="",D88=""),"",D88-$AA$1) -> 121 | O88: =IF(OR($AA$1="",E88=""),"",E88-$AA$1) -> 121 | P88: =IF(OR($AA$1="",F88=""),"",F88-$AA$1) -> -46297 | Q88: =IF(OR($AA$1="",G88=""),"",G88-$AA$1) -> -46297 | R88: =IF(OR($AA$1="",H88=""),"",H88-$AA$1) -> 28 | T88: =COUNTIF(N88, "<30") -> 0 | U88: =COUNTIF(O88, "<30") -> 0 | V88: =COUNTIF(P88, "<30") -> 1 | W88: =COUNTIF(Q88, "<30") -> 1 | X88: =COUNTIF(R88, "<30") -> 1 | Y88: =COUNTIF(T88:X88, ">0") -> 3

Sheet SUMBER REKAP APAR
A1: =IFERROR(__xludf.DUMMYFUNCTION("IMPORTRANGE( ""https://docs.google.com/spreadsheets/d/1P3E96QrJhtju8oyAWxxjT3uaA5LypwqZaqKV7r5iOfg/edit?usp=sharing"", ""Sheet1!A:Q"" )"),"Submission ID") -> Submission ID | B1: =IFERROR(__xludf.DUMMYFUNCTION("""COMPUTED_VALUE"""),"Respondent ID") -> Respondent ID | C1: =IFERROR(__xludf.DUMMYFUNCTION("""COMPUTED_VALUE"""),"Submitted at") -> Submitted at | D1: =IFERROR(__xludf.DUMMYFUNCTION("""COMPUTED_VALUE"""),"NAMA INSPECTOR") -> NAMA INSPECTOR | E1: =IFERROR(__xludf.DUMMYFUNCTION("""COMPUTED_VALUE"""),"TANGGAL PENGECEKAN") -> TANGGAL PENGECEKAN | F1: =IFERROR(__xludf.DUMMYFUNCTION("""COMPUTED_VALUE"""),"PLAT NOMOR") -> PLAT NOMOR | G1: =IFERROR(__xludf.DUMMYFUNCTION("""COMPUTED_VALUE"""),"CO2 PERTAMA") -> CO2 PERTAMA | H1: =IFERROR(__xludf.DUMMYFUNCTION("""COMPUTED_VALUE"""),"CO2 PERTAMA") -> CO2 PERTAMA | I1: =IFERROR(__xludf.DUMMYFUNCTION("""COMPUTED_VALUE"""),"DCP") -> DCP | J1: =IFERROR(__xludf.DUMMYFUNCTION("""COMPUTED_VALUE"""),"FOAM") -> FOAM | K1: =IFERROR(__xludf.DUMMYFUNCTION("""COMPUTED_VALUE"""),"DCP CATRIDGE") -> DCP CATRIDGE | L1: =IFERROR(__xludf.DUMMYFUNCTION("""COMPUTED_VALUE"""),"CO2 PERTAMA") -> CO2 PERTAMA | M1: =IFERROR(__xludf.DUMMYFUNCTION("""COMPUTED_VALUE"""),"CO2 KEDUA") -> CO2 KEDUA | N1: =IFERROR(__xludf.DUMMYFUNCTION("""COMPUTED_VALUE"""),"DCP") -> DCP | O1: =IFERROR(__xludf.DUMMYFUNCTION("""COMPUTED_VALUE"""),"FOAM") -> FOAM | P1: =IFERROR(__xludf.DUMMYFUNCTION("""COMPUTED_VALUE"""),"DCP CATRIDGE") -> DCP CATRIDGE | Q1: =IFERROR(__xludf.DUMMYFUNCTION("""COMPUTED_VALUE"""),"CATATAN") -> CATATAN
A2: =IFERROR(__xludf.DUMMYFUNCTION("""COMPUTED_VALUE"""),"gDzoDXO") -> gDzoDXO | B2: =IFERROR(__xludf.DUMMYFUNCTION("""COMPUTED_VALUE"""),"aQOgg49") -> aQOgg49 | C2: =IFERROR(__xludf.DUMMYFUNCTION("""COMPUTED_VALUE"""),45943.1938888888) -> 45943.194 | D2: =IFERROR(__xludf.DUMMYFUNCTION("""COMPUTED_VALUE"""),"Akbar Noeh") -> Akbar Noeh | E2: =IFERROR(__xludf.DUMMYFUNCTION("""COMPUTED_VALUE"""),45942) -> 45942 | F2: =IFERROR(__xludf.DUMMYFUNCTION("""COMPUTED_VALUE"""),"H9392OF") -> H9392OF | Q2: =IFERROR(__xludf.DUMMYFUNCTION("""COMPUTED_VALUE"""),"penggantian apar cadangan di 27 september 2025") -> penggantian apar cadangan di 27 september 2025
A3: =IFERROR(__xludf.DUMMYFUNCTION("""COMPUTED_VALUE"""),"ODENkEA") -> ODENkEA | B3: =IFERROR(__xludf.DUMMYFUNCTION("""COMPUTED_VALUE"""),"aQOgg49") -> aQOgg49 | C3: =IFERROR(__xludf.DUMMYFUNCTION("""COMPUTED_VALUE"""),45943.3032175925) -> 45943.303 | D3: =IFERROR(__xludf.DUMMYFUNCTION("""COMPUTED_VALUE"""),"Ade Tri Nazril Ilham") -> Ade Tri Nazril Ilham | E3: =IFERROR(__xludf.DUMMYFUNCTION("""COMPUTED_VALUE"""),45941) -> 45941 | F3: =IFERROR(__xludf.DUMMYFUNCTION("""COMPUTED_VALUE"""),"B9223SFV") -> B9223SFV | G3: =IFERROR(__xludf.DUMMYFUNCTION("""COMPUTED_VALUE"""),45943) -> 45943 | H3: =IFERROR(__xludf.DUMMYFUNCTION("""COMPUTED_VALUE"""),45943) -> 45943
A4: =IFERROR(__xludf.DUMMYFUNCTION("""COMPUTED_VALUE"""),"WOq71bk") -> WOq71bk | B4: =IFERROR(__xludf.DUMMYFUNCTION("""COMPUTED_VALUE"""),"aQOgg49") -> aQOgg49 | C4: =IFERROR(__xludf.DUMMYFUNCTION("""COMPUTED_VALUE"""),45943.3041782407) -> 45943.304 | D4: =IFERROR(__xludf.DUMMYFUNCTION("""COMPUTED_VALUE"""),"Ade Tri Nazril Ilham") -> Ade Tri Nazril Ilham | E4: =IFERROR(__xludf.DUMMYFUNCTION("""COMPUTED_VALUE"""),45941) -> 45941 | F4: =IFERROR(__xludf.DUMMYFUNCTION("""COMPUTED_VALUE"""),"B9223SFV") -> B9223SFV | G4: =IFERROR(__xludf.DUMMYFUNCTION("""COMPUTED_VALUE"""),45960) -> 45960 | H4: =IFERROR(__xludf.DUMMYFUNCTION("""COMPUTED_VALUE"""),45960) -> 45960
A5: =IFERROR(__xludf.DUMMYFUNCTION("""COMPUTED_VALUE"""),"44ObOaB") -> 44ObOaB | B5: =IFERROR(__xludf.DUMMYFUNCTION("""COMPUTED_VALUE"""),"aQOgg49") -> aQOgg49 | C5: =IFERROR(__xludf.DUMMYFUNCTION("""COMPUTED_VALUE"""),45943.3054976851) -> 45943.305 | D5: =IFERROR(__xludf.DUMMYFUNCTION("""COMPUTED_VALUE"""),"Ade Tri Nazril Ilham") -> Ade Tri Nazril Ilham | E5: =IFERROR(__xludf.DUMMYFUNCTION("""COMPUTED_VALUE"""),45941) -> 45941 | F5: =IFERROR(__xludf.DUMMYFUNCTION("""COMPUTED_VALUE"""),"B9223SFV") -> B9223SFV | Q5: =IFERROR(__xludf.DUMMYFUNCTION("""COMPUTED_VALUE"""),"Apar DCP di ganti tanggal 26 september 2025") -> Apar DCP di ganti tanggal 26 september 2025
A6: =IFERROR(__xludf.DUMMYFUNCTION("""COMPUTED_VALUE"""),"44ObOoY") -> 44ObOoY | B6: =IFERROR(__xludf.DUMMYFUNCTION("""COMPUTED_VALUE"""),"aQOgg49") -> aQOgg49 | C6: =IFERROR(__xludf.DUMMYFUNCTION("""COMPUTED_VALUE"""),45943.306875) -> 45943.307 | D6: =IFERROR(__xludf.DUMMYFUNCTION("""COMPUTED_VALUE"""),"Akbar Noeh") -> Akbar Noeh | E6: =IFERROR(__xludf.DUMMYFUNCTION("""COMPUTED_VALUE"""),45941) -> 45941 | F6: =IFERROR(__xludf.DUMMYFUNCTION("""COMPUTED_VALUE"""),"N8864UG") -> N8864UG | G6: =IFERROR(__xludf.DUMMYFUNCTION("""COMPUTED_VALUE"""),45978) -> 45978 | H6: =IFERROR(__xludf.DUMMYFUNCTION("""COMPUTED_VALUE"""),45978) -> 45978 | I6: =IFERROR(__xludf.DUMMYFUNCTION("""COMPUTED_VALUE"""),46023) -> 46023 | J6: =IFERROR(__xludf.DUMMYFUNCTION("""COMPUTED_VALUE"""),46023) -> 46023
A7: =IFERROR(__xludf.DUMMYFUNCTION("""COMPUTED_VALUE"""),"b5zJzAe") -> b5zJzAe | B7: =IFERROR(__xludf.DUMMYFUNCTION("""COMPUTED_VALUE"""),"aQOgg49") -> aQOgg49 | C7: =IFERROR(__xludf.DUMMYFUNCTION("""COMPUTED_VALUE"""),45943.3077314814) -> 45943.308 | D7: =IFERROR(__xludf.DUMMYFUNCTION("""COMPUTED_VALUE"""),"Ade Tri Nazril Ilham") -> Ade Tri Nazril Ilham | E7: =IFERROR(__xludf.DUMMYFUNCTION("""COMPUTED_VALUE"""),45941) -> 45941 | F7: =IFERROR(__xludf.DUMMYFUNCTION("""COMPUTED_VALUE"""),"H9698OF") -> H9698OF | G7: =IFERROR(__xludf.DUMMYFUNCTION("""COMPUTED_VALUE"""),45978) -> 45978 | H7: =IFERROR(__xludf.DUMMYFUNCTION("""COMPUTED_VALUE"""),45978) -> 45978 | I7: =IFERROR(__xludf.DUMMYFUNCTION("""COMPUTED_VALUE"""),46008) -> 46008 | J7: =IFERROR(__xludf.DUMMYFUNCTION("""COMPUTED_VALUE"""),45978) -> 45978
A8: =IFERROR(__xludf.DUMMYFUNCTION("""COMPUTED_VALUE"""),"44ObG4X") -> 44ObG4X | B8: =IFERROR(__xludf.DUMMYFUNCTION("""COMPUTED_VALUE"""),"aQOgg49") -> aQOgg49 | C8: =IFERROR(__xludf.DUMMYFUNCTION("""COMPUTED_VALUE"""),45943.3097800925) -> 45943.31 | D8: =IFERROR(__xludf.DUMMYFUNCTION("""COMPUTED_VALUE"""),"Akbar Noeh") -> Akbar Noeh | E8: =IFERROR(__xludf.DUMMYFUNCTION("""COMPUTED_VALUE"""),45941) -> 45941 | F8: =IFERROR(__xludf.DUMMYFUNCTION("""COMPUTED_VALUE"""),"E9450YC") -> E9450YC | G8: =IFERROR(__xludf.DUMMYFUNCTION("""COMPUTED_VALUE"""),46053) -> 46053 | H8: =IFERROR(__xludf.DUMMYFUNCTION("""COMPUTED_VALUE"""),46053) -> 46053 | J8: =IFERROR(__xludf.DUMMYFUNCTION("""COMPUTED_VALUE"""),46053) -> 46053 | N8: =IFERROR(__xludf.DUMMYFUNCTION("""COMPUTED_VALUE"""),45927) -> 45927 | Q8: =IFERROR(__xludf.DUMMYFUNCTION("""COMPUTED_VALUE"""),"apar cadangan foam expired") -> apar cadangan foam expired
A9: =IFERROR(__xludf.DUMMYFUNCTION("""COMPUTED_VALUE"""),"Pdrq4De") -> Pdrq4De | B9: =IFERROR(__xludf.DUMMYFUNCTION("""COMPUTED_VALUE"""),"aQOgg49") -> aQOgg49 | C9: =IFERROR(__xludf.DUMMYFUNCTION("""COMPUTED_VALUE"""),45943.3145833333) -> 45943.315 | D9: =IFERROR(__xludf.DUMMYFUNCTION("""COMPUTED_VALUE"""),"Ade Tri Nazril Ilham") -> Ade Tri Nazril Ilham | E9: =IFERROR(__xludf.DUMMYFUNCTION("""COMPUTED_VALUE"""),45941) -> 45941 | F9: =IFERROR(__xludf.DUMMYFUNCTION("""COMPUTED_VALUE"""),"R9675B") -> R9675B | G9: =IFERROR(__xludf.DUMMYFUNCTION("""COMPUTED_VALUE"""),45991) -> 45991 | H9: =IFERROR(__xludf.DUMMYFUNCTION("""COMPUTED_VALUE"""),45991) -> 45991 | N9: =IFERROR(__xludf.DUMMYFUNCTION("""COMPUTED_VALUE"""),46081) -> 46081 | O9: =IFERROR(__xludf.DUMMYFUNCTION("""COMPUTED_VALUE"""),46081) -> 46081 | Q9: =IFERROR(__xludf.DUMMYFUNCTION("""COMPUTED_VALUE"""),"penggantian apar cadangan 7 september 2025") -> penggantian apar cadangan 7 september 2025
A10: =IFERROR(__xludf.DUMMYFUNCTION("""COMPUTED_VALUE"""),"44ObEqY") -> 44ObEqY | B10: =IFERROR(__xludf.DUMMYFUNCTION("""COMPUTED_VALUE"""),"aQOgg49") -> aQOgg49 | C10: =IFERROR(__xludf.DUMMYFUNCTION("""COMPUTED_VALUE"""),45943.3167476851) -> 45943.317 | D10: =IFERROR(__xludf.DUMMYFUNCTION("""COMPUTED_VALUE"""),"Akbar Noeh") -> Akbar Noeh | E10: =IFERROR(__xludf.DUMMYFUNCTION("""COMPUTED_VALUE"""),45941) -> 45941 | F10: =IFERROR(__xludf.DUMMYFUNCTION("""COMPUTED_VALUE"""),"R9238IH") -> R9238IH | G10: =IFERROR(__xludf.DUMMYFUNCTION("""COMPUTED_VALUE"""),45991) -> 45991 | H10: =IFERROR(__xludf.DUMMYFUNCTION("""COMPUTED_VALUE"""),45991) -> 45991 | N10: =IFERROR(__xludf.DUMMYFUNCTION("""COMPUTED_VALUE"""),46081) -> 46081 | O10: =IFERROR(__xludf.DUMMYFUNCTION("""COMPUTED_VALUE"""),46081) -> 46081 | Q10: =IFERROR(__xludf.DUMMYFUNCTION("""COMPUTED_VALUE"""),"penggantian apar cadangan 3 oktober 2025, apar co2 dilakukan penggantian stiker apar") -> penggantian apar cadangan 3 oktober 2025, apar co2 dilakukan penggantian stiker apar
A11: =IFERROR(__xludf.DUMMYFUNCTION("""COMPUTED_VALUE"""),"xXzWoJv") -> xXzWoJv | B11: =IFERROR(__xludf.DUMMYFUNCTION("""COMPUTED_VALUE"""),"aQOgg49") -> aQOgg49 | C11: =IFERROR(__xludf.DUMMYFUNCTION("""COMPUTED_VALUE"""),45943.3190856481) -> 45943.319 | D11: =IFERROR(__xludf.DUMMYFUNCTION("""COMPUTED_VALUE"""),"Akbar Noeh") -> Akbar Noeh | E11: =IFERROR(__xludf.DUMMYFUNCTION("""COMPUTED_VALUE"""),45941) -> 45941 | F11: =IFERROR(__xludf.DUMMYFUNCTION("""COMPUTED_VALUE"""),"B9570SEI") -> B9570SEI | G11: =IFERROR(__xludf.DUMMYFUNCTION("""COMPUTED_VALUE"""),45978) -> 45978 | H11: =IFERROR(__xludf.DUMMYFUNCTION("""COMPUTED_VALUE"""),45978) -> 45978 | I11: =IFERROR(__xludf.DUMMYFUNCTION("""COMPUTED_VALUE"""),45978) -> 45978 | N11: =IFERROR(__xludf.DUMMYFUNCTION("""COMPUTED_VALUE"""),46055) -> 46055 | Q11: =IFERROR(__xludf.DUMMYFUNCTION("""COMPUTED_VALUE"""),"penggantian apar cadangan 4 september") -> penggantian apar cadangan 4 september
A12: =IFERROR(__xludf.DUMMYFUNCTION("""COMPUTED_VALUE"""),"VLN6d1a") -> VLN6d1a | B12: =IFERROR(__xludf.DUMMYFUNCTION("""COMPUTED_VALUE"""),"aQOgg49") -> aQOgg49 | C12: =IFERROR(__xludf.DUMMYFUNCTION("""COMPUTED_VALUE"""),45943.3199768518) -> 45943.32 | D12: =IFERROR(__xludf.DUMMYFUNCTION("""COMPUTED_VALUE"""),"Akbar Noeh") -> Akbar Noeh | E12: =IFERROR(__xludf.DUMMYFUNCTION("""COMPUTED_VALUE"""),45941) -> 45941 | F12: =IFERROR(__xludf.DUMMYFUNCTION("""COMPUTED_VALUE"""),"B9812TEI") -> B9812TEI | G12: =IFERROR(__xludf.DUMMYFUNCTION("""COMPUTED_VALUE"""),46023) -> 46023 | H12: =IFERROR(__xludf.DUMMYFUNCTION("""COMPUTED_VALUE"""),46023) -> 46023 | I12: =IFERROR(__xludf.DUMMYFUNCTION("""COMPUTED_VALUE"""),46036) -> 46036 | J12: =IFERROR(__xludf.DUMMYFUNCTION("""COMPUTED_VALUE"""),46036) -> 46036
A13: =IFERROR(__xludf.DUMMYFUNCTION("""COMPUTED_VALUE"""),"2Eo65KM") -> 2Eo65KM | B13: =IFERROR(__xludf.DUMMYFUNCTION("""COMPUTED_VALUE"""),"aQOgg49") -> aQOgg49 | C13: =IFERROR(__xludf.DUMMYFUNCTION("""COMPUTED_VALUE"""),45943.3229861111) -> 45943.323 | D13: =IFERROR(__xludf.DUMMYFUNCTION("""COMPUTED_VALUE"""),"Ade Tri Nazril Ilham") -> Ade Tri Nazril Ilham | E13: =IFERROR(__xludf.DUMMYFUNCTION("""COMPUTED_VALUE"""),45941) -> 45941 | F13: =IFERROR(__xludf.DUMMYFUNCTION("""COMPUTED_VALUE"""),"B9376TFV") -> B9376TFV | G13: =IFERROR(__xludf.DUMMYFUNCTION("""COMPUTED_VALUE"""),45991) -> 45991 | H13: =IFERROR(__xludf.DUMMYFUNCTION("""COMPUTED_VALUE"""),45991) -> 45991 | I13: =IFERROR(__xludf.DUMMYFUNCTION("""COMPUTED_VALUE"""),46055) -> 46055 | N13: =IFERROR(__xludf.DUMMYFUNCTION("""COMPUTED_VALUE"""),46055) -> 46055 | Q13: =IFERROR(__xludf.DUMMYFUNCTION("""COMPUTED_VALUE"""),"penggantian apar cadangan 9 september,") -> penggantian apar cadangan 9 september,
A14: =IFERROR(__xludf.DUMMYFUNCTION("""COMPUTED_VALUE"""),"BzeR56A") -> BzeR56A | B14: =IFERROR(__xludf.DUMMYFUNCTION("""COMPUTED_VALUE"""),"aQOgg49") -> aQOgg49 | C14: =IFERROR(__xludf.DUMMYFUNCTION("""COMPUTED_VALUE"""),45943.3245949074) -> 45943.325 | D14: =IFERROR(__xludf.DUMMYFUNCTION("""COMPUTED_VALUE"""),"Akbar Noeh") -> Akbar Noeh | E14: =IFERROR(__xludf.DUMMYFUNCTION("""COMPUTED_VALUE"""),45941) -> 45941 | F14: =IFERROR(__xludf.DUMMYFUNCTION("""COMPUTED_VALUE"""),"N9865UJ") -> N9865UJ | G14: =IFERROR(__xludf.DUMMYFUNCTION("""COMPUTED_VALUE"""),45991) -> 45991 | H14: =IFERROR(__xludf.DUMMYFUNCTION("""COMPUTED_VALUE"""),45991) -> 45991 | I14: =IFERROR(__xludf.DUMMYFUNCTION("""COMPUTED_VALUE"""),46081) -> 46081 | J14: =IFERROR(__xludf.DUMMYFUNCTION("""COMPUTED_VALUE"""),46081) -> 46081
A15: =IFERROR(__xludf.DUMMYFUNCTION("""COMPUTED_VALUE"""),"ZjeBrDA") -> ZjeBrDA | B15: =IFERROR(__xludf.DUMMYFUNCTION("""COMPUTED_VALUE"""),"aQOgg49") -> aQOgg49 | C15: =IFERROR(__xludf.DUMMYFUNCTION("""COMPUTED_VALUE"""),45943.3518981481) -> 45943.352 | D15: =IFERROR(__xludf.DUMMYFUNCTION("""COMPUTED_VALUE"""),"Ade Tri Nazril Ilham") -> Ade Tri Nazril Ilham | E15: =IFERROR(__xludf.DUMMYFUNCTION("""COMPUTED_VALUE"""),45941) -> 45941 | F15: =IFERROR(__xludf.DUMMYFUNCTION("""COMPUTED_VALUE"""),"E9334YC") -> E9334YC | N15: =IFERROR(__xludf.DUMMYFUNCTION("""COMPUTED_VALUE"""),46055) -> 46055 | O15: =IFERROR(__xludf.DUMMYFUNCTION("""COMPUTED_VALUE"""),45965) -> 45965 | Q15: =IFERROR(__xludf.DUMMYFUNCTION("""COMPUTED_VALUE"""),"penggantian apar cadangan tanggal 9-10 september 2025") -> penggantian apar cadangan tanggal 9-10 september 2025
A16: =IFERROR(__xludf.DUMMYFUNCTION("""COMPUTED_VALUE"""),"J9o44OX") -> J9o44OX | B16: =IFERROR(__xludf.DUMMYFUNCTION("""COMPUTED_VALUE"""),"aQOgg49") -> aQOgg49 | C16: =IFERROR(__xludf.DUMMYFUNCTION("""COMPUTED_VALUE"""),45943.3546296296) -> 45943.355 | D16: =IFERROR(__xludf.DUMMYFUNCTION("""COMPUTED_VALUE"""),"Akbar Noeh") -> Akbar Noeh | E16: =IFERROR(__xludf.DUMMYFUNCTION("""COMPUTED_VALUE"""),45941) -> 45941 | F16: =IFERROR(__xludf.DUMMYFUNCTION("""COMPUTED_VALUE"""),"B9022SFV") -> B9022SFV | J16: =IFERROR(__xludf.DUMMYFUNCTION("""COMPUTED_VALUE"""),45972) -> 45972 | N16: =IFERROR(__xludf.DUMMYFUNCTION("""COMPUTED_VALUE"""),46055) -> 46055
A17: =IFERROR(__xludf.DUMMYFUNCTION("""COMPUTED_VALUE"""),"pbz22WJ") -> pbz22WJ | B17: =IFERROR(__xludf.DUMMYFUNCTION("""COMPUTED_VALUE"""),"aQOgg49") -> aQOgg49 | C17: =IFERROR(__xludf.DUMMYFUNCTION("""COMPUTED_VALUE"""),45943.3553935185) -> 45943.355 | D17: =IFERROR(__xludf.DUMMYFUNCTION("""COMPUTED_VALUE"""),"Ade Tri Nazril Ilham") -> Ade Tri Nazril Ilham | E17: =IFERROR(__xludf.DUMMYFUNCTION("""COMPUTED_VALUE"""),45941) -> 45941 | F17: =IFERROR(__xludf.DUMMYFUNCTION("""COMPUTED_VALUE"""),"B9355TFV") -> B9355TFV | N17: =IFERROR(__xludf.DUMMYFUNCTION("""COMPUTED_VALUE"""),46055) -> 46055 | O17: =IFERROR(__xludf.DUMMYFUNCTION("""COMPUTED_VALUE"""),46055) -> 46055
A18: =IFERROR(__xludf.DUMMYFUNCTION("""COMPUTED_VALUE"""),"eqzXXpo") -> eqzXXpo | B18: =IFERROR(__xludf.DUMMYFUNCTION("""COMPUTED_VALUE"""),"aQOgg49") -> aQOgg49 | C18: =IFERROR(__xludf.DUMMYFUNCTION("""COMPUTED_VALUE"""),45943.3564583333) -> 45943.356 | D18: =IFERROR(__xludf.DUMMYFUNCTION("""COMPUTED_VALUE"""),"Akbar Noeh") -> Akbar Noeh | E18: =IFERROR(__xludf.DUMMYFUNCTION("""COMPUTED_VALUE"""),45941) -> 45941 | F18: =IFERROR(__xludf.DUMMYFUNCTION("""COMPUTED_VALUE"""),"R9237IH") -> R9237IH | I18: =IFERROR(__xludf.DUMMYFUNCTION("""COMPUTED_VALUE"""),46005) -> 46005 | J18: =IFERROR(__xludf.DUMMYFUNCTION("""COMPUTED_VALUE"""),46005) -> 46005
A19: =IFERROR(__xludf.DUMMYFUNCTION("""COMPUTED_VALUE"""),"b5ARB9Z") -> b5ARB9Z | B19: =IFERROR(__xludf.DUMMYFUNCTION("""COMPUTED_VALUE"""),"PQRYJQ") -> PQRYJQ | C19: =IFERROR(__xludf.DUMMYFUNCTION("""COMPUTED_VALUE"""),45951.1774189814) -> 45951.177 | D19: =IFERROR(__xludf.DUMMYFUNCTION("""COMPUTED_VALUE"""),"ARGA NURUL HIDAYAH PUTRA") -> ARGA NURUL HIDAYAH PUTRA | E19: =IFERROR(__xludf.DUMMYFUNCTION("""COMPUTED_VALUE"""),45951) -> 45951 | F19: =IFERROR(__xludf.DUMMYFUNCTION("""COMPUTED_VALUE"""),"AA8410OP") -> AA8410OP | I19: =IFERROR(__xludf.DUMMYFUNCTION("""COMPUTED_VALUE"""),46111) -> 46111 | J19: =IFERROR(__xludf.DUMMYFUNCTION("""COMPUTED_VALUE"""),46111) -> 46111
A20: =IFERROR(__xludf.DUMMYFUNCTION("""COMPUTED_VALUE"""),"EkaVj1N") -> EkaVj1N | B20: =IFERROR(__xludf.DUMMYFUNCTION("""COMPUTED_VALUE"""),"PQRYJQ") -> PQRYJQ | C20: =IFERROR(__xludf.DUMMYFUNCTION("""COMPUTED_VALUE"""),45951.1783333333) -> 45951.178 | D20: =IFERROR(__xludf.DUMMYFUNCTION("""COMPUTED_VALUE"""),"ARGA NURUL HIDAYAH PUTRA") -> ARGA NURUL HIDAYAH PUTRA | E20: =IFERROR(__xludf.DUMMYFUNCTION("""COMPUTED_VALUE"""),45951) -> 45951 | F20: =IFERROR(__xludf.DUMMYFUNCTION("""COMPUTED_VALUE"""),"B9022SFV") -> B9022SFV | J20: =IFERROR(__xludf.DUMMYFUNCTION("""COMPUTED_VALUE"""),46111) -> 46111
A21: =IFERROR(__xludf.DUMMYFUNCTION("""COMPUTED_VALUE"""),"kdrjDKd") -> kdrjDKd | B21: =IFERROR(__xludf.DUMMYFUNCTION("""COMPUTED_VALUE"""),"PQRYJQ") -> PQRYJQ | C21: =IFERROR(__xludf.DUMMYFUNCTION("""COMPUTED_VALUE"""),45951.1792824074) -> 45951.179 | D21: =IFERROR(__xludf.DUMMYFUNCTION("""COMPUTED_VALUE"""),"ARGA NURUL HIDAYAH PUTRA") -> ARGA NURUL HIDAYAH PUTRA | E21: =IFERROR(__xludf.DUMMYFUNCTION("""COMPUTED_VALUE"""),45951) -> 45951 | F21: =IFERROR(__xludf.DUMMYFUNCTION("""COMPUTED_VALUE"""),"B9061SFV") -> B9061SFV | J21: =IFERROR(__xludf.DUMMYFUNCTION("""COMPUTED_VALUE"""),46111) -> 46111
A22: =IFERROR(__xludf.DUMMYFUNCTION("""COMPUTED_VALUE"""),"jaE8De1") -> jaE8De1 | B22: =IFERROR(__xludf.DUMMYFUNCTION("""COMPUTED_VALUE"""),"PQRYJQ") -> PQRYJQ | C22: =IFERROR(__xludf.DUMMYFUNCTION("""COMPUTED_VALUE"""),45951.1829282407) -> 45951.183 | D22: =IFERROR(__xludf.DUMMYFUNCTION("""COMPUTED_VALUE"""),"ARGA NURUL HIDAYAH PUTRA") -> ARGA NURUL HIDAYAH PUTRA | E22: =IFERROR(__xludf.DUMMYFUNCTION("""COMPUTED_VALUE"""),45951) -> 45951 | F22: =IFERROR(__xludf.DUMMYFUNCTION("""COMPUTED_VALUE"""),"B9106SEI") -> B9106SEI | I22: =IFERROR(__xludf.DUMMYFUNCTION("""COMPUTED_VALUE"""),46111) -> 46111 | J22: =IFERROR(__xludf.DUMMYFUNCTION("""COMPUTED_VALUE"""),46111) -> 46111
A23: =IFERROR(__xludf.DUMMYFUNCTION("""COMPUTED_VALUE"""),"ODVx1AR") -> ODVx1AR | B23: =IFERROR(__xludf.DUMMYFUNCTION("""COMPUTED_VALUE"""),"PQRYJQ") -> PQRYJQ | C23: =IFERROR(__xludf.DUMMYFUNCTION("""COMPUTED_VALUE"""),45951.1841550925) -> 45951.184 | D23: =IFERROR(__xludf.DUMMYFUNCTION("""COMPUTED_VALUE"""),"ARGA NURUL HIDAYAH PUTRA") -> ARGA NURUL HIDAYAH PUTRA | E23: =IFERROR(__xludf.DUMMYFUNCTION("""COMPUTED_VALUE"""),45951) -> 45951 | F23: =IFERROR(__xludf.DUMMYFUNCTION("""COMPUTED_VALUE"""),"B9290TFV") -> B9290TFV | I23: =IFERROR(__xludf.DUMMYFUNCTION("""COMPUTED_VALUE"""),46111) -> 46111 | J23: =IFERROR(__xludf.DUMMYFUNCTION("""COMPUTED_VALUE"""),46111) -> 46111
A24: =IFERROR(__xludf.DUMMYFUNCTION("""COMPUTED_VALUE"""),"9qrAGyX") -> 9qrAGyX | B24: =IFERROR(__xludf.DUMMYFUNCTION("""COMPUTED_VALUE"""),"QK10zZX") -> QK10zZX | C24: =IFERROR(__xludf.DUMMYFUNCTION("""COMPUTED_VALUE"""),45951.1866666666) -> 45951.187 | D24: =IFERROR(__xludf.DUMMYFUNCTION("""COMPUTED_VALUE"""),"Hendi Pranata") -> Hendi Pranata | E24: =IFERROR(__xludf.DUMMYFUNCTION("""COMPUTED_VALUE"""),45951) -> 45951 | F24: =IFERROR(__xludf.DUMMYFUNCTION("""COMPUTED_VALUE"""),"B9234SFV") -> B9234SFV | J24: =IFERROR(__xludf.DUMMYFUNCTION("""COMPUTED_VALUE"""),46111) -> 46111
A25: =IFERROR(__xludf.DUMMYFUNCTION("""COMPUTED_VALUE"""),"PdPZjL1") -> PdPZjL1 | B25: =IFERROR(__xludf.DUMMYFUNCTION("""COMPUTED_VALUE"""),"PQRYJQ") -> PQRYJQ | C25: =IFERROR(__xludf.DUMMYFUNCTION("""COMPUTED_VALUE"""),45951.1869444444) -> 45951.187 | D25: =IFERROR(__xludf.DUMMYFUNCTION("""COMPUTED_VALUE"""),"ARGA NURUL HIDAYAH PUTRA") -> ARGA NURUL HIDAYAH PUTRA | E25: =IFERROR(__xludf.DUMMYFUNCTION("""COMPUTED_VALUE"""),45951) -> 45951 | F25: =IFERROR(__xludf.DUMMYFUNCTION("""COMPUTED_VALUE"""),"B9300TFV") -> B9300TFV | J25: =IFERROR(__xludf.DUMMYFUNCTION("""COMPUTED_VALUE"""),46111) -> 46111
A26: =IFERROR(__xludf.DUMMYFUNCTION("""COMPUTED_VALUE"""),"ODVx1xY") -> ODVx1xY | B26: =IFERROR(__xludf.DUMMYFUNCTION("""COMPUTED_VALUE"""),"QK10zZX") -> QK10zZX | C26: =IFERROR(__xludf.DUMMYFUNCTION("""COMPUTED_VALUE"""),45951.1873842592) -> 45951.187 | D26: =IFERROR(__xludf.DUMMYFUNCTION("""COMPUTED_VALUE"""),"Hendi Pranata") -> Hendi Pranata | E26: =IFERROR(__xludf.DUMMYFUNCTION("""COMPUTED_VALUE"""),45951) -> 45951 | F26: =IFERROR(__xludf.DUMMYFUNCTION("""COMPUTED_VALUE"""),"R9693B") -> R9693B | I26: =IFERROR(__xludf.DUMMYFUNCTION("""COMPUTED_VALUE"""),46111) -> 46111 | J26: =IFERROR(__xludf.DUMMYFUNCTION("""COMPUTED_VALUE"""),46111) -> 46111
A27: =IFERROR(__xludf.DUMMYFUNCTION("""COMPUTED_VALUE"""),"LZo41ev") -> LZo41ev | B27: =IFERROR(__xludf.DUMMYFUNCTION("""COMPUTED_VALUE"""),"PQRYJQ") -> PQRYJQ | C27: =IFERROR(__xludf.DUMMYFUNCTION("""COMPUTED_VALUE"""),45951.1880787037) -> 45951.188 | D27: =IFERROR(__xludf.DUMMYFUNCTION("""COMPUTED_VALUE"""),"ARGA NURUL HIDAYAH PUTRA") -> ARGA NURUL HIDAYAH PUTRA | E27: =IFERROR(__xludf.DUMMYFUNCTION("""COMPUTED_VALUE"""),45951) -> 45951 | F27: =IFERROR(__xludf.DUMMYFUNCTION("""COMPUTED_VALUE"""),"B9355TFV") -> B9355TFV | I27: =IFERROR(__xludf.DUMMYFUNCTION("""COMPUTED_VALUE"""),46111) -> 46111 | J27: =IFERROR(__xludf.DUMMYFUNCTION("""COMPUTED_VALUE"""),46111) -> 46111
A28: =IFERROR(__xludf.DUMMYFUNCTION("""COMPUTED_VALUE"""),"RGrqKOd") -> RGrqKOd | B28: =IFERROR(__xludf.DUMMYFUNCTION("""COMPUTED_VALUE"""),"QK10zZX") -> QK10zZX | C28: =IFERROR(__xludf.DUMMYFUNCTION("""COMPUTED_VALUE"""),45951.1881481481) -> 45951.188 | D28: =IFERROR(__xludf.DUMMYFUNCTION("""COMPUTED_VALUE"""),"Hendi Pranata") -> Hendi Pranata | E28: =IFERROR(__xludf.DUMMYFUNCTION("""COMPUTED_VALUE"""),45951) -> 45951 | F28: =IFERROR(__xludf.DUMMYFUNCTION("""COMPUTED_VALUE"""),"R9839BR") -> R9839BR | I28: =IFERROR(__xludf.DUMMYFUNCTION("""COMPUTED_VALUE"""),46111) -> 46111 | J28: =IFERROR(__xludf.DUMMYFUNCTION("""COMPUTED_VALUE"""),46111) -> 46111
A29: =IFERROR(__xludf.DUMMYFUNCTION("""COMPUTED_VALUE"""),"vGW8joQ") -> vGW8joQ | B29: =IFERROR(__xludf.DUMMYFUNCTION("""COMPUTED_VALUE"""),"PQRYJQ") -> PQRYJQ | C29: =IFERROR(__xludf.DUMMYFUNCTION("""COMPUTED_VALUE"""),45951.1885300925) -> 45951.189 | D29: =IFERROR(__xludf.DUMMYFUNCTION("""COMPUTED_VALUE"""),"ARGA NURUL HIDAYAH PUTRA") -> ARGA NURUL HIDAYAH PUTRA | E29: =IFERROR(__xludf.DUMMYFUNCTION("""COMPUTED_VALUE"""),45951) -> 45951 | F29: =IFERROR(__xludf.DUMMYFUNCTION("""COMPUTED_VALUE"""),"B9376TFV") -> B9376TFV | I29: =IFERROR(__xludf.DUMMYFUNCTION("""COMPUTED_VALUE"""),46111) -> 46111
A30: =IFERROR(__xludf.DUMMYFUNCTION("""COMPUTED_VALUE"""),"lb48bb5") -> lb48bb5 | B30: =IFERROR(__xludf.DUMMYFUNCTION("""COMPUTED_VALUE"""),"PQRYJQ") -> PQRYJQ | C30: =IFERROR(__xludf.DUMMYFUNCTION("""COMPUTED_VALUE"""),45951.1890046296) -> 45951.189 | D30: =IFERROR(__xludf.DUMMYFUNCTION("""COMPUTED_VALUE"""),"ARGA NURUL HIDAYAH PUTRA") -> ARGA NURUL HIDAYAH PUTRA | E30: =IFERROR(__xludf.DUMMYFUNCTION("""COMPUTED_VALUE"""),45951) -> 45951 | F30: =IFERROR(__xludf.DUMMYFUNCTION("""COMPUTED_VALUE"""),"B9378TFV") -> B9378TFV | I30: =IFERROR(__xludf.DUMMYFUNCTION("""COMPUTED_VALUE"""),46111) -> 46111 | J30: =IFERROR(__xludf.DUMMYFUNCTION("""COMPUTED_VALUE"""),46111) -> 46111
A31: =IFERROR(__xludf.DUMMYFUNCTION("""COMPUTED_VALUE"""),"68V68e5") -> 68V68e5 | B31: =IFERROR(__xludf.DUMMYFUNCTION("""COMPUTED_VALUE"""),"QK10zZX") -> QK10zZX | C31: =IFERROR(__xludf.DUMMYFUNCTION("""COMPUTED_VALUE"""),45951.1894328703) -> 45951.189 | D31: =IFERROR(__xludf.DUMMYFUNCTION("""COMPUTED_VALUE"""),"Hendi Pranata") -> Hendi Pranata | E31: =IFERROR(__xludf.DUMMYFUNCTION("""COMPUTED_VALUE"""),45951) -> 45951 | F31: =IFERROR(__xludf.DUMMYFUNCTION("""COMPUTED_VALUE"""),"R9675B") -> R9675B | I31: =IFERROR(__xludf.DUMMYFUNCTION("""COMPUTED_VALUE"""),46111) -> 46111 | J31: =IFERROR(__xludf.DUMMYFUNCTION("""COMPUTED_VALUE"""),46111) -> 46111
A32: =IFERROR(__xludf.DUMMYFUNCTION("""COMPUTED_VALUE"""),"44Gl47o") -> 44Gl47o | B32: =IFERROR(__xludf.DUMMYFUNCTION("""COMPUTED_VALUE"""),"PQRYJQ") -> PQRYJQ | C32: =IFERROR(__xludf.DUMMYFUNCTION("""COMPUTED_VALUE"""),45951.1896643518) -> 45951.19 | D32: =IFERROR(__xludf.DUMMYFUNCTION("""COMPUTED_VALUE"""),"ARGA NURUL HIDAYAH PUTRA") -> ARGA NURUL HIDAYAH PUTRA | E32: =IFERROR(__xludf.DUMMYFUNCTION("""COMPUTED_VALUE"""),45951) -> 45951 | F32: =IFERROR(__xludf.DUMMYFUNCTION("""COMPUTED_VALUE"""),"B9505TEI") -> B9505TEI | J32: =IFERROR(__xludf.DUMMYFUNCTION("""COMPUTED_VALUE"""),46111) -> 46111
A33: =IFERROR(__xludf.DUMMYFUNCTION("""COMPUTED_VALUE"""),"aQlpQ2W") -> aQlpQ2W | B33: =IFERROR(__xludf.DUMMYFUNCTION("""COMPUTED_VALUE"""),"QK10zZX") -> QK10zZX | C33: =IFERROR(__xludf.DUMMYFUNCTION("""COMPUTED_VALUE"""),45951.1898842592) -> 45951.19 | D33: =IFERROR(__xludf.DUMMYFUNCTION("""COMPUTED_VALUE"""),"Hendi Pranata") -> Hendi Pranata | E33: =IFERROR(__xludf.DUMMYFUNCTION("""COMPUTED_VALUE"""),45951) -> 45951 | F33: =IFERROR(__xludf.DUMMYFUNCTION("""COMPUTED_VALUE"""),"H9155OF") -> H9155OF | I33: =IFERROR(__xludf.DUMMYFUNCTION("""COMPUTED_VALUE"""),46111) -> 46111 | J33: =IFERROR(__xludf.DUMMYFUNCTION("""COMPUTED_VALUE"""),46111) -> 46111
A34: =IFERROR(__xludf.DUMMYFUNCTION("""COMPUTED_VALUE"""),"5BOaBzQ") -> 5BOaBzQ | B34: =IFERROR(__xludf.DUMMYFUNCTION("""COMPUTED_VALUE"""),"PQRYJQ") -> PQRYJQ | C34: =IFERROR(__xludf.DUMMYFUNCTION("""COMPUTED_VALUE"""),45951.1903125) -> 45951.19 | D34: =IFERROR(__xludf.DUMMYFUNCTION("""COMPUTED_VALUE"""),"ARGA NURUL HIDAYAH PUTRA") -> ARGA NURUL HIDAYAH PUTRA | E34: =IFERROR(__xludf.DUMMYFUNCTION("""COMPUTED_VALUE"""),45951) -> 45951 | F34: =IFERROR(__xludf.DUMMYFUNCTION("""COMPUTED_VALUE"""),"B9520TEI") -> B9520TEI | I34: =IFERROR(__xludf.DUMMYFUNCTION("""COMPUTED_VALUE"""),46111) -> 46111 | J34: =IFERROR(__xludf.DUMMYFUNCTION("""COMPUTED_VALUE"""),46111) -> 46111
A35: =IFERROR(__xludf.DUMMYFUNCTION("""COMPUTED_VALUE"""),"7RP7RDa") -> 7RP7RDa | B35: =IFERROR(__xludf.DUMMYFUNCTION("""COMPUTED_VALUE"""),"QK10zZX") -> QK10zZX | C35: =IFERROR(__xludf.DUMMYFUNCTION("""COMPUTED_VALUE"""),45951.1905902777) -> 45951.191 | D35: =IFERROR(__xludf.DUMMYFUNCTION("""COMPUTED_VALUE"""),"Hendi Pranata") -> Hendi Pranata | E35: =IFERROR(__xludf.DUMMYFUNCTION("""COMPUTED_VALUE"""),45951) -> 45951 | F35: =IFERROR(__xludf.DUMMYFUNCTION("""COMPUTED_VALUE"""),"E9560YB") -> E9560YB | I35: =IFERROR(__xludf.DUMMYFUNCTION("""COMPUTED_VALUE"""),46111) -> 46111 | J35: =IFERROR(__xludf.DUMMYFUNCTION("""COMPUTED_VALUE"""),46111) -> 46111
A36: =IFERROR(__xludf.DUMMYFUNCTION("""COMPUTED_VALUE"""),"PdPZdYB") -> PdPZdYB | B36: =IFERROR(__xludf.DUMMYFUNCTION("""COMPUTED_VALUE"""),"PQRYJQ") -> PQRYJQ | C36: =IFERROR(__xludf.DUMMYFUNCTION("""COMPUTED_VALUE"""),45951.1909606481) -> 45951.191 | D36: =IFERROR(__xludf.DUMMYFUNCTION("""COMPUTED_VALUE"""),"ARGA NURUL HIDAYAH PUTRA") -> ARGA NURUL HIDAYAH PUTRA | E36: =IFERROR(__xludf.DUMMYFUNCTION("""COMPUTED_VALUE"""),45951) -> 45951 | F36: =IFERROR(__xludf.DUMMYFUNCTION("""COMPUTED_VALUE"""),"B9570SEI") -> B9570SEI | I36: =IFERROR(__xludf.DUMMYFUNCTION("""COMPUTED_VALUE"""),46111) -> 46111
A37: =IFERROR(__xludf.DUMMYFUNCTION("""COMPUTED_VALUE"""),"81Eb1PP") -> 81Eb1PP | B37: =IFERROR(__xludf.DUMMYFUNCTION("""COMPUTED_VALUE"""),"QK10zZX") -> QK10zZX | C37: =IFERROR(__xludf.DUMMYFUNCTION("""COMPUTED_VALUE"""),45951.191099537) -> 45951.191 | D37: =IFERROR(__xludf.DUMMYFUNCTION("""COMPUTED_VALUE"""),"Hendi Pranata") -> Hendi Pranata | E37: =IFERROR(__xludf.DUMMYFUNCTION("""COMPUTED_VALUE"""),45951) -> 45951 | F37: =IFERROR(__xludf.DUMMYFUNCTION("""COMPUTED_VALUE"""),"E9493YC") -> E9493YC | I37: =IFERROR(__xludf.DUMMYFUNCTION("""COMPUTED_VALUE"""),46111) -> 46111
A38: =IFERROR(__xludf.DUMMYFUNCTION("""COMPUTED_VALUE"""),"5BOaB86") -> 5BOaB86 | B38: =IFERROR(__xludf.DUMMYFUNCTION("""COMPUTED_VALUE"""),"QK10zZX") -> QK10zZX | C38: =IFERROR(__xludf.DUMMYFUNCTION("""COMPUTED_VALUE"""),45951.191724537) -> 45951.192 | D38: =IFERROR(__xludf.DUMMYFUNCTION("""COMPUTED_VALUE"""),"Hendi Pranata") -> Hendi Pranata | E38: =IFERROR(__xludf.DUMMYFUNCTION("""COMPUTED_VALUE"""),45951) -> 45951 | F38: =IFERROR(__xludf.DUMMYFUNCTION("""COMPUTED_VALUE"""),"E9454YB") -> E9454YB | I38: =IFERROR(__xludf.DUMMYFUNCTION("""COMPUTED_VALUE"""),46111) -> 46111 | J38: =IFERROR(__xludf.DUMMYFUNCTION("""COMPUTED_VALUE"""),46111) -> 46111
A39: =IFERROR(__xludf.DUMMYFUNCTION("""COMPUTED_VALUE"""),"aQlpQk9") -> aQlpQk9 | B39: =IFERROR(__xludf.DUMMYFUNCTION("""COMPUTED_VALUE"""),"QK10zZX") -> QK10zZX | C39: =IFERROR(__xludf.DUMMYFUNCTION("""COMPUTED_VALUE"""),45951.1924768518) -> 45951.192 | D39: =IFERROR(__xludf.DUMMYFUNCTION("""COMPUTED_VALUE"""),"Hendi Pranata") -> Hendi Pranata | E39: =IFERROR(__xludf.DUMMYFUNCTION("""COMPUTED_VALUE"""),45951) -> 45951 | F39: =IFERROR(__xludf.DUMMYFUNCTION("""COMPUTED_VALUE"""),"E9453YC") -> E9453YC | I39: =IFERROR(__xludf.DUMMYFUNCTION("""COMPUTED_VALUE"""),46111) -> 46111 | J39: =IFERROR(__xludf.DUMMYFUNCTION("""COMPUTED_VALUE"""),46111) -> 46111
A40: =IFERROR(__xludf.DUMMYFUNCTION("""COMPUTED_VALUE"""),"Y5q757v") -> Y5q757v | B40: =IFERROR(__xludf.DUMMYFUNCTION("""COMPUTED_VALUE"""),"QK10zZX") -> QK10zZX | C40: =IFERROR(__xludf.DUMMYFUNCTION("""COMPUTED_VALUE"""),45951.1936689814) -> 45951.194 | D40: =IFERROR(__xludf.DUMMYFUNCTION("""COMPUTED_VALUE"""),"Hendi Pranata") -> Hendi Pranata | E40: =IFERROR(__xludf.DUMMYFUNCTION("""COMPUTED_VALUE"""),45951) -> 45951 | F40: =IFERROR(__xludf.DUMMYFUNCTION("""COMPUTED_VALUE"""),"E9496YC") -> E9496YC | I40: =IFERROR(__xludf.DUMMYFUNCTION("""COMPUTED_VALUE"""),46111) -> 46111 | J40: =IFERROR(__xludf.DUMMYFUNCTION("""COMPUTED_VALUE"""),46111) -> 46111
A41: =IFERROR(__xludf.DUMMYFUNCTION("""COMPUTED_VALUE"""),"kdr8d2o") -> kdr8d2o | B41: =IFERROR(__xludf.DUMMYFUNCTION("""COMPUTED_VALUE"""),"QK10zZX") -> QK10zZX | C41: =IFERROR(__xludf.DUMMYFUNCTION("""COMPUTED_VALUE"""),45951.1941782407) -> 45951.194 | D41: =IFERROR(__xludf.DUMMYFUNCTION("""COMPUTED_VALUE"""),"Hendi Pranata") -> Hendi Pranata | E41: =IFERROR(__xludf.DUMMYFUNCTION("""COMPUTED_VALUE"""),45951) -> 45951 | F41: =IFERROR(__xludf.DUMMYFUNCTION("""COMPUTED_VALUE"""),"E9334YC") -> E9334YC | I41: =IFERROR(__xludf.DUMMYFUNCTION("""COMPUTED_VALUE"""),46111) -> 46111 | J41: =IFERROR(__xludf.DUMMYFUNCTION("""COMPUTED_VALUE"""),46111) -> 46111
A42: =IFERROR(__xludf.DUMMYFUNCTION("""COMPUTED_VALUE"""),"PdPZRLQ") -> PdPZRLQ | B42: =IFERROR(__xludf.DUMMYFUNCTION("""COMPUTED_VALUE"""),"PQRYJQ") -> PQRYJQ | C42: =IFERROR(__xludf.DUMMYFUNCTION("""COMPUTED_VALUE"""),45951.1989351851) -> 45951.199 | D42: =IFERROR(__xludf.DUMMYFUNCTION("""COMPUTED_VALUE"""),"ARGA NURUL HIDAYAH PUTRA") -> ARGA NURUL HIDAYAH PUTRA | E42: =IFERROR(__xludf.DUMMYFUNCTION("""COMPUTED_VALUE"""),45951) -> 45951 | F42: =IFERROR(__xludf.DUMMYFUNCTION("""COMPUTED_VALUE"""),"B9805SFU") -> B9805SFU | I42: =IFERROR(__xludf.DUMMYFUNCTION("""COMPUTED_VALUE"""),46111) -> 46111 | J42: =IFERROR(__xludf.DUMMYFUNCTION("""COMPUTED_VALUE"""),46111) -> 46111
A43: =IFERROR(__xludf.DUMMYFUNCTION("""COMPUTED_VALUE"""),"WOZygVj") -> WOZygVj | B43: =IFERROR(__xludf.DUMMYFUNCTION("""COMPUTED_VALUE"""),"eo4Jbe") -> eo4Jbe | C43: =IFERROR(__xludf.DUMMYFUNCTION("""COMPUTED_VALUE"""),45952.1563888888) -> 45952.156 | D43: =IFERROR(__xludf.DUMMYFUNCTION("""COMPUTED_VALUE"""),"Sahrul Dwi Julianto") -> Sahrul Dwi Julianto | E43: =IFERROR(__xludf.DUMMYFUNCTION("""COMPUTED_VALUE"""),45952) -> 45952 | F43: =IFERROR(__xludf.DUMMYFUNCTION("""COMPUTED_VALUE"""),"B9077SEI") -> B9077SEI | G43: =IFERROR(__xludf.DUMMYFUNCTION("""COMPUTED_VALUE"""),46053) -> 46053 | H43: =IFERROR(__xludf.DUMMYFUNCTION("""COMPUTED_VALUE"""),46053) -> 46053 | I43: =IFERROR(__xludf.DUMMYFUNCTION("""COMPUTED_VALUE"""),46053) -> 46053 | J43: =IFERROR(__xludf.DUMMYFUNCTION("""COMPUTED_VALUE"""),46053) -> 46053
A44: =IFERROR(__xludf.DUMMYFUNCTION("""COMPUTED_VALUE"""),"81E7Kpz") -> 81E7Kpz | B44: =IFERROR(__xludf.DUMMYFUNCTION("""COMPUTED_VALUE"""),"eo4Jbe") -> eo4Jbe | C44: =IFERROR(__xludf.DUMMYFUNCTION("""COMPUTED_VALUE"""),45952.2733912037) -> 45952.273 | D44: =IFERROR(__xludf.DUMMYFUNCTION("""COMPUTED_VALUE"""),"Sahrul dwi julianto") -> Sahrul dwi julianto | E44: =IFERROR(__xludf.DUMMYFUNCTION("""COMPUTED_VALUE"""),45952) -> 45952 | F44: =IFERROR(__xludf.DUMMYFUNCTION("""COMPUTED_VALUE"""),"R8114K") -> R8114K | G44: =IFERROR(__xludf.DUMMYFUNCTION("""COMPUTED_VALUE"""),46053) -> 46053 | H44: =IFERROR(__xludf.DUMMYFUNCTION("""COMPUTED_VALUE"""),46053) -> 46053 | I44: =IFERROR(__xludf.DUMMYFUNCTION("""COMPUTED_VALUE"""),46053) -> 46053 | J44: =IFERROR(__xludf.DUMMYFUNCTION("""COMPUTED_VALUE"""),46053) -> 46053
A45: =IFERROR(__xludf.DUMMYFUNCTION("""COMPUTED_VALUE"""),"0QANJZP") -> 0QANJZP | B45: =IFERROR(__xludf.DUMMYFUNCTION("""COMPUTED_VALUE"""),"eo4Jbe") -> eo4Jbe | C45: =IFERROR(__xludf.DUMMYFUNCTION("""COMPUTED_VALUE"""),45952.2909722222) -> 45952.291 | D45: =IFERROR(__xludf.DUMMYFUNCTION("""COMPUTED_VALUE"""),"Sahrul Dwi Julianto") -> Sahrul Dwi Julianto | E45: =IFERROR(__xludf.DUMMYFUNCTION("""COMPUTED_VALUE"""),45952) -> 45952 | F45: =IFERROR(__xludf.DUMMYFUNCTION("""COMPUTED_VALUE"""),"B9697SFV") -> B9697SFV | G45: =IFERROR(__xludf.DUMMYFUNCTION("""COMPUTED_VALUE"""),45978) -> 45978 | H45: =IFERROR(__xludf.DUMMYFUNCTION("""COMPUTED_VALUE"""),45978) -> 45978 | N45: =IFERROR(__xludf.DUMMYFUNCTION("""COMPUTED_VALUE"""),46081) -> 46081 | O45: =IFERROR(__xludf.DUMMYFUNCTION("""COMPUTED_VALUE"""),46081) -> 46081
A46: =IFERROR(__xludf.DUMMYFUNCTION("""COMPUTED_VALUE"""),"KYRdP2z") -> KYRdP2z | B46: =IFERROR(__xludf.DUMMYFUNCTION("""COMPUTED_VALUE"""),"eo4Jbe") -> eo4Jbe | C46: =IFERROR(__xludf.DUMMYFUNCTION("""COMPUTED_VALUE"""),45952.2971296296) -> 45952.297 | D46: =IFERROR(__xludf.DUMMYFUNCTION("""COMPUTED_VALUE"""),"Sahrul Dwi Julianto") -> Sahrul Dwi Julianto | E46: =IFERROR(__xludf.DUMMYFUNCTION("""COMPUTED_VALUE"""),45952) -> 45952 | F46: =IFERROR(__xludf.DUMMYFUNCTION("""COMPUTED_VALUE"""),"E9496YC") -> E9496YC | G46: =IFERROR(__xludf.DUMMYFUNCTION("""COMPUTED_VALUE"""),45862) -> 45862 | H46: =IFERROR(__xludf.DUMMYFUNCTION("""COMPUTED_VALUE"""),45862) -> 45862 | N46: =IFERROR(__xludf.DUMMYFUNCTION("""COMPUTED_VALUE"""),46055) -> 46055 | O46: =IFERROR(__xludf.DUMMYFUNCTION("""COMPUTED_VALUE"""),46081) -> 46081

Sheet REKAP APAR FT MAOS.
E1: Tanggal Service Exp Apar | J1: KETERANGAN APAR HARI | P1: UNIT EXP APAR | W1: =TODAY() -> 46297
A2: NO | B2: NOPOL | C2: TRANSPORTIR | E2: CO2 Pertama | F2: CO2 Kedua | G2: DCP | H2: Foam | I2: Catride | J2: CO2 Pertama | K2: CO2 Kedua | L2: DCP | M2: Foam | N2: Catride | P2: CO2 Pertama | Q2: CO2 Kedua | R2: DCP | S2: Foam | T2: Catride | U2: Jumlah
A4: 1 | B4: B9800SFU | C4: PT. PPN | E4: 45862 | F4: 45862 | H4: 45862 | I4: 45862 | J4: =IF(OR($W$1="",E4=""),"",E4-$W$1) -> -435 | K4: =IF(OR($W$1="",F4=""),"",F4-$W$1) -> -435 | L4: =IF(OR($W$1="",G4=""),"",G4-$W$1) | M4: =IF(OR($W$1="",H4=""),"",H4-$W$1) -> -435 | N4: =IF(OR($W$1="",I4=""),"",I4-$W$1) -> -435 | P4: =COUNTIF(J4, "<30") -> 1 | Q4: =COUNTIF(K4, "<30") -> 1 | R4: =COUNTIF(L4, "<30") -> 0 | S4: =COUNTIF(M4, "<30") -> 1 | T4: =COUNTIF(N4, "<30") -> 1 | U4: =COUNTIF(P4:T4, ">0") -> 4 | W4: B9800SFU | X4: 4
A5: 2 | B5: B9805SFU | C5: PT. PPN | J5: =IF(OR($W$1="",E5=""),"",E5-$W$1) | K5: =IF(OR($W$1="",F5=""),"",F5-$W$1) | L5: =IF(OR($W$1="",G5=""),"",G5-$W$1) | M5: =IF(OR($W$1="",H5=""),"",H5-$W$1) | N5: =IF(OR($W$1="",I5=""),"",I5-$W$1) | P5: =COUNTIF(J5, "<30") -> 0 | Q5: =COUNTIF(K5, "<30") -> 0 | R5: =COUNTIF(L5, "<30") -> 0 | S5: =COUNTIF(M5, "<30") -> 0 | T5: =COUNTIF(N5, "<30") -> 0 | U5: =COUNTIF(P5:T5, ">0") -> 0 | W5: B9805SFU | X5: 0
A6: 3 | B6: B9077SEI | C6: PT. PPN | E6: 45794 | F6: 45794 | H6: 45794 | I6: 45794 | J6: =IF(OR($W$1="",E6=""),"",E6-$W$1) -> -503 | K6: =IF(OR($W$1="",F6=""),"",F6-$W$1) -> -503 | L6: =IF(OR($W$1="",G6=""),"",G6-$W$1) | M6: =IF(OR($W$1="",H6=""),"",H6-$W$1) -> -503 | N6: =IF(OR($W$1="",I6=""),"",I6-$W$1) -> -503 | P6: =COUNTIF(J6, "<30") -> 1 | Q6: =COUNTIF(K6, "<30") -> 1 | R6: =COUNTIF(L6, "<30") -> 0 | S6: =COUNTIF(M6, "<30") -> 1 | T6: =COUNTIF(N6, "<30") -> 1 | U6: =COUNTIF(P6:T6, ">0") -> 4 | W6: B9077SEI | X6: 4
A7: 4 | B7: B9223SFV | C7: PT. PPN | E7: 45960 | F7: 45960 | H7: 45890 | I7: 45978 | J7: =IF(OR($W$1="",E7=""),"",E7-$W$1) -> -337 | K7: =IF(OR($W$1="",F7=""),"",F7-$W$1) -> -337 | L7: =IF(OR($W$1="",G7=""),"",G7-$W$1) | M7: =IF(OR($W$1="",H7=""),"",H7-$W$1) -> -407 | N7: =IF(OR($W$1="",I7=""),"",I7-$W$1) -> -319 | P7: =COUNTIF(J7, "<30") -> 1 | Q7: =COUNTIF(K7, "<30") -> 1 | R7: =COUNTIF(L7, "<30") -> 0 | S7: =COUNTIF(M7, "<30") -> 1 | T7: =COUNTIF(N7, "<30") -> 1 | U7: =COUNTIF(P7:T7, ">0") -> 4 | W7: B9223SFV | X7: 0
A8: 5 | B8: B9504TEI | C8: PT. ADAM TRANS | H8: 45978 | I8: 45978 | J8: =IF(OR($W$1="",E8=""),"",E8-$W$1) | K8: =IF(OR($W$1="",F8=""),"",F8-$W$1) | L8: =IF(OR($W$1="",G8=""),"",G8-$W$1) | M8: =IF(OR($W$1="",H8=""),"",H8-$W$1) -> -319 | N8: =IF(OR($W$1="",I8=""),"",I8-$W$1) -> -319 | P8: =COUNTIF(J8, "<30") -> 0 | Q8: =COUNTIF(K8, "<30") -> 0 | R8: =COUNTIF(L8, "<30") -> 0 | S8: =COUNTIF(M8, "<30") -> 1 | T8: =COUNTIF(N8, "<30") -> 1 | U8: =COUNTIF(P8:T8, ">0") -> 2 | W8: B9504TEI | X8: 0
A9: 6 | B9: B9505TEI | C9: PT. ADAM TRANS | E9: 45854 | F9: 45854 | J9: =IF(OR($W$1="",E9=""),"",E9-$W$1) -> -443 | K9: =IF(OR($W$1="",F9=""),"",F9-$W$1) -> -443 | L9: =IF(OR($W$1="",G9=""),"",G9-$W$1) | M9: =IF(OR($W$1="",H9=""),"",H9-$W$1) | N9: =IF(OR($W$1="",I9=""),"",I9-$W$1) | P9: =COUNTIF(J9, "<30") -> 1 | Q9: =COUNTIF(K9, "<30") -> 1 | R9: =COUNTIF(L9, "<30") -> 0 | S9: =COUNTIF(M9, "<30") -> 0 | T9: =COUNTIF(N9, "<30") -> 0 | U9: =COUNTIF(P9:T9, ">0") -> 2 | W9: B9505TEI | X9: 2
A10: 7 | B10: B9520TEI | C10: PT. ADAM TRANS | E10: 45822 | F10: 45822 | H10: 45822 | I10: 45822 | J10: =IF(OR($W$1="",E10=""),"",E10-$W$1) -> -475 | K10: =IF(OR($W$1="",F10=""),"",F10-$W$1) -> -475 | L10: =IF(OR($W$1="",G10=""),"",G10-$W$1) | M10: =IF(OR($W$1="",H10=""),"",H10-$W$1) -> -475 | N10: =IF(OR($W$1="",I10=""),"",I10-$W$1) -> -475 | P10: =COUNTIF(J10, "<30") -> 1 | Q10: =COUNTIF(K10, "<30") -> 1 | R10: =COUNTIF(L10, "<30") -> 0 | S10: =COUNTIF(M10, "<30") -> 1 | T10: =COUNTIF(N10, "<30") -> 1 | U10: =COUNTIF(P10:T10, ">0") -> 4 | W10: B9520TEI | X10: 4
A11: 8 | B11: B9810TEI | C11: PT. ADAM TRANS | E11: 45844 | F11: 45844 | G11: 45844 | H11: 45844 | J11: =IF(OR($W$1="",E11=""),"",E11-$W$1) -> -453 | K11: =IF(OR($W$1="",F11=""),"",F11-$W$1) -> -453 | L11: =IF(OR($W$1="",G11=""),"",G11-$W$1) -> -453 | M11: =IF(OR($W$1="",H11=""),"",H11-$W$1) -> -453 | N11: =IF(OR($W$1="",I11=""),"",I11-$W$1) | P11: =COUNTIF(J11, "<30") -> 1 | Q11: =COUNTIF(K11, "<30") -> 1 | R11: =COUNTIF(L11, "<30") -> 1 | S11: =COUNTIF(M11, "<30") -> 1 | T11: =COUNTIF(N11, "<30") -> 0 | U11: =COUNTIF(P11:T11, ">0") -> 4 | W11: B9810TEI | X11: 4
A12: 9 | B12: B9811TEI | C12: PT. ADAM TRANS | E12: 45927 | F12: 45927 | G12: 45927 | H12: 45927 | J12: =IF(OR($W$1="",E12=""),"",E12-$W$1) -> -370 | K12: =IF(OR($W$1="",F12=""),"",F12-$W$1) -> -370 | L12: =IF(OR($W$1="",G12=""),"",G12-$W$1) -> -370 | M12: =IF(OR($W$1="",H12=""),"",H12-$W$1) -> -370 | N12: =IF(OR($W$1="",I12=""),"",I12-$W$1) | P12: =COUNTIF(J12, "<30") -> 1 | Q12: =COUNTIF(K12, "<30") -> 1 | R12: =COUNTIF(L12, "<30") -> 1 | S12: =COUNTIF(M12, "<30") -> 1 | T12: =COUNTIF(N12, "<30") -> 0 | U12: =COUNTIF(P12:T12, ">0") -> 4 | W12: B9811TEI | X12: 0
A13: 10 | B13: B9812TEI | C13: PT. ADAM TRANS | E13: 45763 | F13: 45763 | J13: =IF(OR($W$1="",E13=""),"",E13-$W$1) -> -534 | K13: =IF(OR($W$1="",F13=""),"",F13-$W$1) -> -534 | L13: =IF(OR($W$1="",G13=""),"",G13-$W$1) | M13: =IF(OR($W$1="",H13=""),"",H13-$W$1) | N13: =IF(OR($W$1="",I13=""),"",I13-$W$1) | P13: =COUNTIF(J13, "<30") -> 1 | Q13: =COUNTIF(K13, "<30") -> 1 | R13: =COUNTIF(L13, "<30") -> 0 | S13: =COUNTIF(M13, "<30") -> 0 | T13: =COUNTIF(N13, "<30") -> 0 | U13: =COUNTIF(P13:T13, ">0") -> 2 | W13: B9812TEI | X13: 2
A14: 11 | B14: B9300TFV | C14: PT. ADAM TRANS | J14: =IF(OR($W$1="",E14=""),"",E14-$W$1) | K14: =IF(OR($W$1="",F14=""),"",F14-$W$1) | L14: =IF(OR($W$1="",G14=""),"",G14-$W$1) | M14: =IF(OR($W$1="",H14=""),"",H14-$W$1) | N14: =IF(OR($W$1="",I14=""),"",I14-$W$1) | P14: =COUNTIF(J14, "<30") -> 0 | Q14: =COUNTIF(K14, "<30") -> 0 | R14: =COUNTIF(L14, "<30") -> 0 | S14: =COUNTIF(M14, "<30") -> 0 | T14: =COUNTIF(N14, "<30") -> 0 | U14: =COUNTIF(P14:T14, ">0") -> 0 | W14: B9300TFV | X14: 0
A15: 12 | B15: B9290TFV | C15: PT. ADAM TRANS | E15: 46187 | F15: 45875 | H15: 45890 | I15: 45890 | J15: =IF(OR($W$1="",E15=""),"",E15-$W$1) -> -110 | K15: =IF(OR($W$1="",F15=""),"",F15-$W$1) -> -422 | L15: =IF(OR($W$1="",G15=""),"",G15-$W$1) | M15: =IF(OR($W$1="",H15=""),"",H15-$W$1) -> -407 | N15: =IF(OR($W$1="",I15=""),"",I15-$W$1) -> -407 | P15: =COUNTIF(J15, "<30") -> 1 | Q15: =COUNTIF(K15, "<30") -> 1 | R15: =COUNTIF(L15, "<30") -> 0 | S15: =COUNTIF(M15, "<30") -> 1 | T15: =COUNTIF(N15, "<30") -> 1 | U15: =COUNTIF(P15:T15, ">0") -> 4 | W15: B9290TFV | X15: 0
A16: 13 | B16: B9355TFV | C16: PT. ADAM TRANS | E16: 45890 | F16: 45890 | H16: 45890 | I16: 45890 | J16: =IF(OR($W$1="",E16=""),"",E16-$W$1) -> -407 | K16: =IF(OR($W$1="",F16=""),"",F16-$W$1) -> -407 | L16: =IF(OR($W$1="",G16=""),"",G16-$W$1) | M16: =IF(OR($W$1="",H16=""),"",H16-$W$1) -> -407 | N16: =IF(OR($W$1="",I16=""),"",I16-$W$1) -> -407 | P16: =COUNTIF(J16, "<30") -> 1 | Q16: =COUNTIF(K16, "<30") -> 1 | R16: =COUNTIF(L16, "<30") -> 0 | S16: =COUNTIF(M16, "<30") -> 1 | T16: =COUNTIF(N16, "<30") -> 1 | U16: =COUNTIF(P16:T16, ">0") -> 4 | W16: B9355TFV | X16: 0
A17: 14 | B17: B9376TFV | C17: PT. ADAM TRANS | E17: 45927 | F17: 45927 | G17: 45890 | H17: 45890 | J17: =IF(OR($W$1="",E17=""),"",E17-$W$1) -> -370 | K17: =IF(OR($W$1="",F17=""),"",F17-$W$1) -> -370 | L17: =IF(OR($W$1="",G17=""),"",G17-$W$1) -> -407 | M17: =IF(OR($W$1="",H17=""),"",H17-$W$1) -> -407 | N17: =IF(OR($W$1="",I17=""),"",I17-$W$1) | P17: =COUNTIF(J17, "<30") -> 1 | Q17: =COUNTIF(K17, "<30") -> 1 | R17: =COUNTIF(L17, "<30") -> 1 | S17: =COUNTIF(M17, "<30") -> 1 | T17: =COUNTIF(N17, "<30") -> 0 | U17: =COUNTIF(P17:T17, ">0") -> 4 | W17: B9376TFV | X17: 0
A18: 15 | B18: B9378TFV | C18: PT. ADAM TRANS | E18: 45885 | F18: 45885 | H18: 45927 | I18: 45927 | J18: 16 | K18: =IF(OR($W$1="",F18=""),"",F18-$W$1) -> -412 | L18: =IF(OR($W$1="",G18=""),"",G18-$W$1) | M18: =IF(OR($W$1="",H18=""),"",H18-$W$1) -> -370 | N18: =IF(OR($W$1="",I18=""),"",I18-$W$1) -> -370 | P18: =COUNTIF(J18, "<30") -> 1 | Q18: =COUNTIF(K18, "<30") -> 1 | R18: =COUNTIF(L18, "<30") -> 0 | S18: =COUNTIF(M18, "<30") -> 1 | T18: =COUNTIF(N18, "<30") -> 1 | U18: =COUNTIF(P18:T18, ">0") -> 4 | W18: B9378TFV | X18: 1
A19: 16 | B19: B9697SFV | C19: PT. ELNUSA PETROFIN | H19: 45927 | I19: 45927 | J19: =IF(OR($W$1="",E19=""),"",E19-$W$1) | K19: =IF(OR($W$1="",F19=""),"",F19-$W$1) | L19: =IF(OR($W$1="",G19=""),"",G19-$W$1) | M19: =IF(OR($W$1="",H19=""),"",H19-$W$1) -> -370 | N19: =IF(OR($W$1="",I19=""),"",I19-$W$1) -> -370 | P19: =COUNTIF(J19, "<30") -> 0 | Q19: =COUNTIF(K19, "<30") -> 0 | R19: =COUNTIF(L19, "<30") -> 0 | S19: =COUNTIF(M19, "<30") -> 1 | T19: =COUNTIF(N19, "<30") -> 1 | U19: =COUNTIF(P19:T19, ">0") -> 2 | W19: B9697SFV | X19: 0
A20: 17 | B20: B9570SEI | C20: PT. ELNUSA PETROFIN | E20: 45890 | F20: 45890 | H20: 45978 | I20: 45978 | J20: =IF(OR($W$1="",E20=""),"",E20-$W$1) -> -407 | K20: =IF(OR($W$1="",F20=""),"",F20-$W$1) -> -407 | L20: =IF(OR($W$1="",G20=""),"",G20-$W$1) | M20: =IF(OR($W$1="",H20=""),"",H20-$W$1) -> -319 | N20: =IF(OR($W$1="",I20=""),"",I20-$W$1) -> -319 | P20: =COUNTIF(J20, "<30") -> 1 | Q20: =COUNTIF(K20, "<30") -> 1 | R20: =COUNTIF(L20, "<30") -> 0 | S20: =COUNTIF(M20, "<30") -> 1 | T20: =COUNTIF(N20, "<30") -> 1 | U20: =COUNTIF(P20:T20, ">0") -> 4 | W20: B9570SEI | X20: 0
A21: 19 | B21: R8293AM | C21: PT. KATRACO PUTRA SELARAS | E21: 45889 | F21: 45889 | H21: 45863 | J21: =IF(OR($W$1="",E21=""),"",E21-$W$1) -> -408 | K21: =IF(OR($W$1="",F21=""),"",F21-$W$1) -> -408 | L21: =IF(OR($W$1="",G21=""),"",G21-$W$1) | M21: =IF(OR($W$1="",H21=""),"",H21-$W$1) -> -434 | N21: =IF(OR($W$1="",I21=""),"",I21-$W$1) | P21: =COUNTIF(J21, "<30") -> 1 | Q21: =COUNTIF(K21, "<30") -> 1 | R21: =COUNTIF(L21, "<30") -> 0 | S21: =COUNTIF(M21, "<30") -> 1 | T21: =COUNTIF(N21, "<30") -> 0 | U21: =COUNTIF(P21:T21, ">0") -> 3 | W21: R8293AM | X21: 1
A22: 20 | B22: R8435CM | C22: PT. KATRACO PUTRA SELARAS | E22: 45909 | F22: 45927 | G22: 45862 | H22: 45862 | J22: =IF(OR($W$1="",E22=""),"",E22-$W$1) -> -388 | K22: =IF(OR($W$1="",F22=""),"",F22-$W$1) -> -370 | L22: =IF(OR($W$1="",G22=""),"",G22-$W$1) -> -435 | M22: =IF(OR($W$1="",H22=""),"",H22-$W$1) -> -435 | N22: =IF(OR($W$1="",I22=""),"",I22-$W$1) | P22: =COUNTIF(J22, "<30") -> 1 | Q22: =COUNTIF(K22, "<30") -> 1 | R22: =COUNTIF(L22, "<30") -> 1 | S22: =COUNTIF(M22, "<30") -> 1 | T22: =COUNTIF(N22, "<30") -> 0 | U22: =COUNTIF(P22:T22, ">0") -> 4 | W22: R8435CM | X22: 2
A23: 21 | B23: E9446YB | C23: PT. PUSPITA | E23: 45978 | F23: 45978 | H23: 45978 | I23: 45862 | J23: =IF(OR($W$1="",E23=""),"",E23-$W$1) -> -319 | K23: =IF(OR($W$1="",F23=""),"",F23-$W$1) -> -319 | L23: =IF(OR($W$1="",G23=""),"",G23-$W$1) | M23: =IF(OR($W$1="",H23=""),"",H23-$W$1) -> -319 | N23: =IF(OR($W$1="",I23=""),"",I23-$W$1) -> -435 | P23: =COUNTIF(J23, "<30") -> 1 | Q23: =COUNTIF(K23, "<30") -> 1 | R23: =COUNTIF(L23, "<30") -> 0 | S23: =COUNTIF(M23, "<30") -> 1 | T23: =COUNTIF(N23, "<30") -> 1 | U23: =COUNTIF(P23:T23, ">0") -> 4 | W23: E9446YB | X23: 1
A24: 21 | B24: E9452YB | C24: PT. PUSPITA | E24: 45843 | F24: 45843 | H24: 45843 | I24: 45843 | J24: =IF(OR($W$1="",E24=""),"",E24-$W$1) -> -454 | K24: =IF(OR($W$1="",F24=""),"",F24-$W$1) -> -454 | L24: =IF(OR($W$1="",G24=""),"",G24-$W$1) | M24: =IF(OR($W$1="",H24=""),"",H24-$W$1) -> -454 | N24: =IF(OR($W$1="",I24=""),"",I24-$W$1) -> -454 | P24: =COUNTIF(J24, "<30") -> 1 | Q24: =COUNTIF(K24, "<30") -> 1 | R24: =COUNTIF(L24, "<30") -> 0 | S24: =COUNTIF(M24, "<30") -> 1 | T24: =COUNTIF(N24, "<30") -> 1 | U24: =COUNTIF(P24:T24, ">0") -> 4 | W24: E9452YB | X24: 4
A25: 22 | B25: E9453YB | C25: PT. PUSPITA | E25: 45927 | F25: 45927 | H25: 45927 | I25: 45927 | J25: =IF(OR($W$1="",E25=""),"",E25-$W$1) -> -370 | K25: =IF(OR($W$1="",F25=""),"",F25-$W$1) -> -370 | L25: =IF(OR($W$1="",G25=""),"",G25-$W$1) | M25: =IF(OR($W$1="",H25=""),"",H25-$W$1) -> -370 | N25: =IF(OR($W$1="",I25=""),"",I25-$W$1) -> -370 | P25: =COUNTIF(J25, "<30") -> 1 | Q25: =COUNTIF(K25, "<30") -> 1 | R25: =COUNTIF(L25, "<30") -> 0 | S25: =COUNTIF(M25, "<30") -> 1 | T25: =COUNTIF(N25, "<30") -> 1 | U25: =COUNTIF(P25:T25, ">0") -> 4 | W25: E9453YB | X25: 0
A26: 23 | B26: E9456YB | C26: PT. PUSPITA | E26: 45885 | F26: 45885 | H26: 45885 | I26: 45885 | J26: =IF(OR($W$1="",E26=""),"",E26-$W$1) -> -412 | K26: =IF(OR($W$1="",F26=""),"",F26-$W$1) -> -412 | L26: =IF(OR($W$1="",G26=""),"",G26-$W$1) | M26: =IF(OR($W$1="",H26=""),"",H26-$W$1) -> -412 | N26: =IF(OR($W$1="",I26=""),"",I26-$W$1) -> -412 | P26: =COUNTIF(J26, "<30") -> 1 | Q26: =COUNTIF(K26, "<30") -> 1 | R26: =COUNTIF(L26, "<30") -> 0 | S26: =COUNTIF(M26, "<30") -> 1 | T26: =COUNTIF(N26, "<30") -> 1 | U26: =COUNTIF(P26:T26, ">0") -> 4 | W26: E9456YB | X26: 0
A27: 24 | B27: E9457YB | C27: PT. PUSPITA | E27: 45896 | F27: 45896 | H27: 45896 | I27: 45896 | J27: =IF(OR($W$1="",E27=""),"",E27-$W$1) -> -401 | K27: =IF(OR($W$1="",F27=""),"",F27-$W$1) -> -401 | L27: =IF(OR($W$1="",G27=""),"",G27-$W$1) | M27: =IF(OR($W$1="",H27=""),"",H27-$W$1) -> -401 | N27: =IF(OR($W$1="",I27=""),"",I27-$W$1) -> -401 | P27: =COUNTIF(J27, "<30") -> 1 | Q27: =COUNTIF(K27, "<30") -> 1 | R27: =COUNTIF(L27, "<30") -> 0 | S27: =COUNTIF(M27, "<30") -> 1 | T27: =COUNTIF(N27, "<30") -> 1 | U27: =COUNTIF(P27:T27, ">0") -> 4 | W27: E9457YB | X27: 0
A28: 25 | B28: E9454YB | C28: PT. PUSPITA | E28: 45917 | F28: 45917 | H28: 45852 | I28: 45927 | J28: =IF(OR($W$1="",E28=""),"",E28-$W$1) -> -380 | K28: =IF(OR($W$1="",F28=""),"",F28-$W$1) -> -380 | L28: =IF(OR($W$1="",G28=""),"",G28-$W$1) | M28: =IF(OR($W$1="",H28=""),"",H28-$W$1) -> -445 | N28: =IF(OR($W$1="",I28=""),"",I28-$W$1) -> -370 | P28: =COUNTIF(J28, "<30") -> 1 | Q28: =COUNTIF(K28, "<30") -> 1 | R28: =COUNTIF(L28, "<30") -> 0 | S28: =COUNTIF(M28, "<30") -> 1 | T28: =COUNTIF(N28, "<30") -> 1 | U28: =COUNTIF(P28:T28, ">0") -> 4 | W28: E9454YB | X28: 1
A29: 26 | B29: E9553YB | C29: PT. PUSPITA | E29: 45978 | F29: 45978 | H29: 45890 | I29: 45890 | J29: =IF(OR($W$1="",E29=""),"",E29-$W$1) -> -319 | K29: =IF(OR($W$1="",F29=""),"",F29-$W$1) -> -319 | L29: =IF(OR($W$1="",G29=""),"",G29-$W$1) | M29: =IF(OR($W$1="",H29=""),"",H29-$W$1) -> -407 | N29: =IF(OR($W$1="",I29=""),"",I29-$W$1) -> -407 | P29: =COUNTIF(J29, "<30") -> 1 | Q29: =COUNTIF(K29, "<30") -> 1 | R29: =COUNTIF(L29, "<30") -> 0 | S29: =COUNTIF(M29, "<30") -> 1 | T29: =COUNTIF(N29, "<30") -> 1 | U29: =COUNTIF(P29:T29, ">0") -> 4 | W29: E9553YB | X29: 0
A30: 27 | B30: E9557YB | C30: PT. PUSPITA | E30: 45960 | F30: 45960 | H30: 45927 | I30: 45927 | J30: =IF(OR($W$1="",E30=""),"",E30-$W$1) -> -337 | K30: =IF(OR($W$1="",F30=""),"",F30-$W$1) -> -337 | L30: =IF(OR($W$1="",G30=""),"",G30-$W$1) | M30: =IF(OR($W$1="",H30=""),"",H30-$W$1) -> -370 | N30: =IF(OR($W$1="",I30=""),"",I30-$W$1) -> -370 | P30: =COUNTIF(J30, "<30") -> 1 | Q30: =COUNTIF(K30, "<30") -> 1 | R30: =COUNTIF(L30, "<30") -> 0 | S30: =COUNTIF(M30, "<30") -> 1 | T30: =COUNTIF(N30, "<30") -> 1 | U30: =COUNTIF(P30:T30, ">0") -> 4 | W30: E9557YB | X30: 0
A31: 28 | B31: E9560YB | C31: PT. PUSPITA | E31: 45978 | F31: 45978 | H31: 45927 | I31: 45927 | J31: =IF(OR($W$1="",E31=""),"",E31-$W$1) -> -319 | K31: =IF(OR($W$1="",F31=""),"",F31-$W$1) -> -319 | L31: =IF(OR($W$1="",G31=""),"",G31-$W$1) | M31: =IF(OR($W$1="",H31=""),"",H31-$W$1) -> -370 | N31: =IF(OR($W$1="",I31=""),"",I31-$W$1) -> -370 | P31: =COUNTIF(J31, "<30") -> 1 | Q31: =COUNTIF(K31, "<30") -> 1 | R31: =COUNTIF(L31, "<30") -> 0 | S31: =COUNTIF(M31, "<30") -> 1 | T31: =COUNTIF(N31, "<30") -> 1 | U31: =COUNTIF(P31:T31, ">0") -> 4 | W31: E9560YB | X31: 0
A32: 29 | B32: E9225YC | C32: PT. PUSPITA | E32: 45862 | F32: 45862 | H32: 45862 | I32: 45862 | J32: =IF(OR($W$1="",E32=""),"",E32-$W$1) -> -435 | K32: =IF(OR($W$1="",F32=""),"",F32-$W$1) -> -435 | L32: =IF(OR($W$1="",G32=""),"",G32-$W$1) | M32: =IF(OR($W$1="",H32=""),"",H32-$W$1) -> -435 | N32: =IF(OR($W$1="",I32=""),"",I32-$W$1) -> -435 | P32: =COUNTIF(J32, "<30") -> 1 | Q32: =COUNTIF(K32, "<30") -> 1 | R32: =COUNTIF(L32, "<30") -> 0 | S32: =COUNTIF(M32, "<30") -> 1 | T32: =COUNTIF(N32, "<30") -> 1 | U32: =COUNTIF(P32:T32, ">0") -> 4 | W32: E9225YC | X32: 4
A33: 30 | B33: E9264YC | C33: PT. PUSPITA | H33: 45978 | I33: 45978 | J33: =IF(OR($W$1="",E33=""),"",E33-$W$1) | K33: =IF(OR($W$1="",F33=""),"",F33-$W$1) | L33: =IF(OR($W$1="",G33=""),"",G33-$W$1) | M33: =IF(OR($W$1="",H33=""),"",H33-$W$1) -> -319 | N33: =IF(OR($W$1="",I33=""),"",I33-$W$1) -> -319 | P33: =COUNTIF(J33, "<30") -> 0 | Q33: =COUNTIF(K33, "<30") -> 0 | R33: =COUNTIF(L33, "<30") -> 0 | S33: =COUNTIF(M33, "<30") -> 1 | T33: =COUNTIF(N33, "<30") -> 1 | U33: =COUNTIF(P33:T33, ">0") -> 2 | W33: E9264YC | X33: 0
A34: 31 | B34: E9334YC | C34: PT. PUSPITA | E34: 45890 | F34: 45890 | H34: 45890 | I34: 45890 | J34: =IF(OR($W$1="",E34=""),"",E34-$W$1) -> -407 | K34: =IF(OR($W$1="",F34=""),"",F34-$W$1) -> -407 | L34: =IF(OR($W$1="",G34=""),"",G34-$W$1) | M34: =IF(OR($W$1="",H34=""),"",H34-$W$1) -> -407 | N34: =IF(OR($W$1="",I34=""),"",I34-$W$1) -> -407 | P34: =COUNTIF(J34, "<30") -> 1 | Q34: =COUNTIF(K34, "<30") -> 1 | R34: =COUNTIF(L34, "<30") -> 0 | S34: =COUNTIF(M34, "<30") -> 1 | T34: =COUNTIF(N34, "<30") -> 1 | U34: =COUNTIF(P34:T34, ">0") -> 4 | W34: E9334YC | X34: 0
A35: 32 | B35: E9335YC | C35: PT. PUSPITA | E35: 45839 | F35: 45839 | H35: 45975 | I35: 45975 | J35: =IF(OR($W$1="",E35=""),"",E35-$W$1) -> -458 | K35: =IF(OR($W$1="",F35=""),"",F35-$W$1) -> -458 | L35: =IF(OR($W$1="",G35=""),"",G35-$W$1) | M35: =IF(OR($W$1="",H35=""),"",H35-$W$1) -> -322 | N35: =IF(OR($W$1="",I35=""),"",I35-$W$1) -> -322 | P35: =COUNTIF(J35, "<30") -> 1 | Q35: =COUNTIF(K35, "<30") -> 1 | R35: =COUNTIF(L35, "<30") -> 0 | S35: =COUNTIF(M35, "<30") -> 1 | T35: =COUNTIF(N35, "<30") -> 1 | U35: =COUNTIF(P35:T35, ">0") -> 4 | W35: E9335YC | X35: 2
A36: 33 | B36: E9412YC | C36: PT. PUSPITA | E36: 45822 | F36: 45822 | G36: 45822 | H36: 45822 | J36: =IF(OR($W$1="",E36=""),"",E36-$W$1) -> -475 | K36: =IF(OR($W$1="",F36=""),"",F36-$W$1) -> -475 | L36: =IF(OR($W$1="",G36=""),"",G36-$W$1) -> -475 | M36: =IF(OR($W$1="",H36=""),"",H36-$W$1) -> -475 | N36: =IF(OR($W$1="",I36=""),"",I36-$W$1) | P36: =COUNTIF(J36, "<30") -> 1 | Q36: =COUNTIF(K36, "<30") -> 1 | R36: =COUNTIF(L36, "<30") -> 1 | S36: =COUNTIF(M36, "<30") -> 1 | T36: =COUNTIF(N36, "<30") -> 0 | U36: =COUNTIF(P36:T36, ">0") -> 4 | W36: E9412YC | X36: 4
A37: 34 | B37: E9450YC | C37: PT. PUSPITA | J37: =IF(OR($W$1="",E37=""),"",E37-$W$1) | K37: =IF(OR($W$1="",F37=""),"",F37-$W$1) | L37: =IF(OR($W$1="",G37=""),"",G37-$W$1) | M37: =IF(OR($W$1="",H37=""),"",H37-$W$1) | N37: =IF(OR($W$1="",I37=""),"",I37-$W$1) | P37: =COUNTIF(J37, "<30") -> 0 | Q37: =COUNTIF(K37, "<30") -> 0 | R37: =COUNTIF(L37, "<30") -> 0 | S37: =COUNTIF(M37, "<30") -> 0 | T37: =COUNTIF(N37, "<30") -> 0 | U37: =COUNTIF(P37:T37, ">0") -> 0 | W37: E9450YC | X37: 0
A38: 35 | B38: E9453YC | C38: PT. PUSPITA | H38: 45890 | I38: 45890 | J38: =IF(OR($W$1="",E38=""),"",E38-$W$1) | K38: =IF(OR($W$1="",F38=""),"",F38-$W$1) | L38: =IF(OR($W$1="",G38=""),"",G38-$W$1) | M38: =IF(OR($W$1="",H38=""),"",H38-$W$1) -> -407 | N38: =IF(OR($W$1="",I38=""),"",I38-$W$1) -> -407 | P38: =COUNTIF(J38, "<30") -> 0 | Q38: =COUNTIF(K38, "<30") -> 0 | R38: =COUNTIF(L38, "<30") -> 0 | S38: =COUNTIF(M38, "<30") -> 1 | T38: =COUNTIF(N38, "<30") -> 1 | U38: =COUNTIF(P38:T38, ">0") -> 2 | W38: E9453YC | X38: 0
A39: 36 | B39: E9445YC | C39: PT.PUSPITA CIPTA | E39: 45978 | F39: 45978 | H39: 45978 | I39: 45978 | J39: =IF(OR($W$1="",E39=""),"",E39-$W$1) -> -319 | K39: =IF(OR($W$1="",F39=""),"",F39-$W$1) -> -319 | L39: =IF(OR($W$1="",G39=""),"",G39-$W$1) | M39: =IF(OR($W$1="",H39=""),"",H39-$W$1) -> -319 | N39: =IF(OR($W$1="",I39=""),"",I39-$W$1) -> -319 | P39: =COUNTIF(J39, "<30") -> 1 | Q39: =COUNTIF(K39, "<30") -> 1 | R39: =COUNTIF(L39, "<30") -> 0 | S39: =COUNTIF(M39, "<30") -> 1 | T39: =COUNTIF(N39, "<30") -> 1 | U39: =COUNTIF(P39:T39, ">0") -> 4 | W39: E9445YC | X39: 0
A40: 37 | B40: R9839BR | C40: PT. SATU HATI | E40: 45927 | F40: 45917 | H40: 45917 | I40: 45917 | J40: =IF(OR($W$1="",E40=""),"",E40-$W$1) -> -370 | K40: =IF(OR($W$1="",F40=""),"",F40-$W$1) -> -380 | L40: =IF(OR($W$1="",G40=""),"",G40-$W$1) | M40: =IF(OR($W$1="",H40=""),"",H40-$W$1) -> -380 | N40: =IF(OR($W$1="",I40=""),"",I40-$W$1) -> -380 | P40: =COUNTIF(J40, "<30") -> 1 | Q40: =COUNTIF(K40, "<30") -> 1 | R40: =COUNTIF(L40, "<30") -> 0 | S40: =COUNTIF(M40, "<30") -> 1 | T40: =COUNTIF(N40, "<30") -> 1 | U40: =COUNTIF(P40:T40, ">0") -> 4 | W40: R9839BR | X40: 0
A41: 38 | B41: R9238IH | C41: PT. SATU HATI | E41: 45978 | F41: 45978 | G41: 45927 | H41: 45927 | J41: =IF(OR($W$1="",E41=""),"",E41-$W$1) -> -319 | K41: =IF(OR($W$1="",F41=""),"",F41-$W$1) -> -319 | L41: =IF(OR($W$1="",G41=""),"",G41-$W$1) -> -370 | M41: =IF(OR($W$1="",H41=""),"",H41-$W$1) -> -370 | N41: =IF(OR($W$1="",I41=""),"",I41-$W$1) | P41: =COUNTIF(J41, "<30") -> 1 | Q41: =COUNTIF(K41, "<30") -> 1 | R41: =COUNTIF(L41, "<30") -> 1 | S41: =COUNTIF(M41, "<30") -> 1 | T41: =COUNTIF(N41, "<30") -> 0 | U41: =COUNTIF(P41:T41, ">0") -> 4 | W41: R9238IH | X41: 0
A42: 39 | B42: R9237IH | C42: PT. SATU HATI | E42: 45865 | F42: 45865 | G42: 45975 | H42: 45975 | J42: =IF(OR($W$1="",E42=""),"",E42-$W$1) -> -432 | K42: =IF(OR($W$1="",F42=""),"",F42-$W$1) -> -432 | L42: =IF(OR($W$1="",G42=""),"",G42-$W$1) -> -322 | M42: =IF(OR($W$1="",H42=""),"",H42-$W$1) -> -322 | N42: =IF(OR($W$1="",I42=""),"",I42-$W$1) | P42: =COUNTIF(J42, "<30") -> 1 | Q42: =COUNTIF(K42, "<30") -> 1 | R42: =COUNTIF(L42, "<30") -> 1 | S42: =COUNTIF(M42, "<30") -> 1 | T42: =COUNTIF(N42, "<30") -> 0 | U42: =COUNTIF(P42:T42, ">0") -> 4 | W42: R9237IH | X42: 2
A43: 40 | B43: R9029B | C43: PT. SERAYU MITRA JAYA | K43: =IF(OR($W$1="",F43=""),"",F43-$W$1) | L43: =IF(OR($W$1="",G43=""),"",G43-$W$1) | M43: =IF(OR($W$1="",H43=""),"",H43-$W$1) | N43: =IF(OR($W$1="",I43=""),"",I43-$W$1) | P43: =COUNTIF(J43, "<30") -> 0 | Q43: =COUNTIF(K43, "<30") -> 0 | R43: =COUNTIF(L43, "<30") -> 0 | S43: =COUNTIF(M43, "<30") -> 0 | T43: =COUNTIF(N43, "<30") -> 0 | U43: =COUNTIF(P43:T43, ">0") -> 0 | W43: R9029B | X43: 0
A44: 41 | B44: R9675B | C44: PT. SERAYU MITRA JAYA | E44: 45858 | F44: 45858 | G44: 45978 | H44: 45978 | J44: =IF(OR($W$1="",E44=""),"",E44-$W$1) -> -439 | K44: =IF(OR($W$1="",F44=""),"",F44-$W$1) -> -439 | L44: =IF(OR($W$1="",G44=""),"",G44-$W$1) -> -319 | M44: =IF(OR($W$1="",H44=""),"",H44-$W$1) -> -319 | N44: =IF(OR($W$1="",I44=""),"",I44-$W$1) | P44: =COUNTIF(J44, "<30") -> 1 | Q44: =COUNTIF(K44, "<30") -> 1 | R44: =COUNTIF(L44, "<30") -> 1 | S44: =COUNTIF(M44, "<30") -> 1 | T44: =COUNTIF(N44, "<30") -> 0 | U44: =COUNTIF(P44:T44, ">0") -> 4 | W44: R9675B | X44: 2
A45: 42 | B45: R9693B | C45: PT. SERAYU MITRA JAYA | J45: =IF(OR($W$1="",E45=""),"",E45-$W$1) | K45: =IF(OR($W$1="",F45=""),"",F45-$W$1) | L45: =IF(OR($W$1="",G45=""),"",G45-$W$1) | M45: =IF(OR($W$1="",H45=""),"",H45-$W$1) | N45: =IF(OR($W$1="",I45=""),"",I45-$W$1) | P45: =COUNTIF(J45, "<30") -> 0 | Q45: =COUNTIF(K45, "<30") -> 0 | R45: =COUNTIF(L45, "<30") -> 0 | S45: =COUNTIF(M45, "<30") -> 0 | T45: =COUNTIF(N45, "<30") -> 0 | U45: =COUNTIF(P45:T45, ">0") -> 0 | W45: R9693B | X45: 0
A46: 43 | B46: R9694B | C46: PT. SERAYU MITRA JAYA | E46: 46005 | F46: 45917 | H46: 45917 | I46: 45927 | J46: =IF(OR($W$1="",E46=""),"",E46-$W$1) -> -292 | K46: =IF(OR($W$1="",F46=""),"",F46-$W$1) -> -380 | L46: =IF(OR($W$1="",G46=""),"",G46-$W$1) | M46: =IF(OR($W$1="",H46=""),"",H46-$W$1) -> -380 | N46: =IF(OR($W$1="",I46=""),"",I46-$W$1) -> -370 | P46: =COUNTIF(J46, "<30") -> 1 | Q46: =COUNTIF(K46, "<30") -> 1 | R46: =COUNTIF(L46, "<30") -> 0 | S46: =COUNTIF(M46, "<30") -> 1 | T46: =COUNTIF(N46, "<30") -> 1 | U46: =COUNTIF(P46:T46, ">0") -> 4 | W46: R9694B | X46: 0
A47: 44 | B47: R8336B | C47: PT. SERAYU MITRA JAYA | J47: =IF(OR($W$1="",E47=""),"",E47-$W$1) | K47: =IF(OR($W$1="",F47=""),"",F47-$W$1) | L47: =IF(OR($W$1="",G47=""),"",G47-$W$1) | M47: =IF(OR($W$1="",H47=""),"",H47-$W$1) | N47: =IF(OR($W$1="",I47=""),"",I47-$W$1) | P47: =COUNTIF(J47, "<30") -> 0 | Q47: =COUNTIF(K47, "<30") -> 0 | R47: =COUNTIF(L47, "<30") -> 0 | S47: =COUNTIF(M47, "<30") -> 0 | T47: =COUNTIF(N47, "<30") -> 0 | U47: =COUNTIF(P47:T47, ">0") -> 0 | W47: R8336B | X47: 0
A48: 45 | B48: R9674B | C48: PT. SERAYU MITRA JAYA | E48: 45840 | F48: 45840 | H48: 45975 | I48: 45975 | J48: =IF(OR($W$1="",E48=""),"",E48-$W$1) -> -457 | K48: =IF(OR($W$1="",F48=""),"",F48-$W$1) -> -457 | L48: =IF(OR($W$1="",G48=""),"",G48-$W$1) | M48: =IF(OR($W$1="",H48=""),"",H48-$W$1) -> -322 | N48: =IF(OR($W$1="",I48=""),"",I48-$W$1) -> -322 | P48: =COUNTIF(J48, "<30") -> 1 | Q48: =COUNTIF(K48, "<30") -> 1 | R48: =COUNTIF(L48, "<30") -> 0 | S48: =COUNTIF(M48, "<30") -> 1 | T48: =COUNTIF(N48, "<30") -> 1 | U48: =COUNTIF(P48:T48, ">0") -> 4 | W48: R9674B | X48: 2
A49: 46 | B49: R9564B | C49: PT. SERAYU MITRA JAYA | E49: 45862 | F49: 45862 | G49: 45862 | H49: 45862 | J49: =IF(OR($W$1="",E49=""),"",E49-$W$1) -> -435 | K49: =IF(OR($W$1="",F49=""),"",F49-$W$1) -> -435 | L49: =IF(OR($W$1="",G49=""),"",G49-$W$1) -> -435 | M49: =IF(OR($W$1="",H49=""),"",H49-$W$1) -> -435 | N49: =IF(OR($W$1="",I49=""),"",I49-$W$1) | P49: =COUNTIF(J49, "<30") -> 1 | Q49: =COUNTIF(K49, "<30") -> 1 | R49: =COUNTIF(L49, "<30") -> 1 | S49: =COUNTIF(M49, "<30") -> 1 | T49: =COUNTIF(N49, "<30") -> 0 | U49: =COUNTIF(P49:T49, ">0") -> 4 | W49: R9564B | X49: 4
A50: 47 | B50: R8084K | C50: PT. SERAYU MITRA JAYA | E50: 45809 | F50: 45810 | H50: 45978 | I50: 45978 | J50: =IF(OR($W$1="",E50=""),"",E50-$W$1) -> -488 | K50: =IF(OR($W$1="",F50=""),"",F50-$W$1) -> -487 | L50: =IF(OR($W$1="",G50=""),"",G50-$W$1) | M50: =IF(OR($W$1="",H50=""),"",H50-$W$1) -> -319 | N50: =IF(OR($W$1="",I50=""),"",I50-$W$1) -> -319 | P50: =COUNTIF(J50, "<30") -> 1 | Q50: =COUNTIF(K50, "<30") -> 1 | R50: =COUNTIF(L50, "<30") -> 0 | S50: =COUNTIF(M50, "<30") -> 1 | T50: =COUNTIF(N50, "<30") -> 1 | U50: =COUNTIF(P50:T50, ">0") -> 4 | W50: R8084K | X50: 2
A51: 48 | B51: R8114K | C51: PT. SERAYU MITRA JAYA | E51: 45787 | F51: 45787 | G51: 46005 | H51: 46005 | J51: =IF(OR($W$1="",E51=""),"",E51-$W$1) -> -510 | K51: =IF(OR($W$1="",F51=""),"",F51-$W$1) -> -510 | L51: =IF(OR($W$1="",G51=""),"",G51-$W$1) -> -292 | M51: =IF(OR($W$1="",H51=""),"",H51-$W$1) -> -292 | N51: =IF(OR($W$1="",I51=""),"",I51-$W$1) | P51: =COUNTIF(J51, "<30") -> 1 | Q51: =COUNTIF(K51, "<30") -> 1 | R51: =COUNTIF(L51, "<30") -> 1 | S51: =COUNTIF(M51, "<30") -> 1 | T51: =COUNTIF(N51, "<30") -> 0 | U51: =COUNTIF(P51:T51, ">0") -> 4 | W51: R8114K | X51: 2
A52: 49 | B52: AA8410OP | C52: PT. TANAH PUTIH | E52: 45809 | F52: 45809 | H52: 45927 | I52: 45927 | J52: =IF(OR($W$1="",E52=""),"",E52-$W$1) -> -488 | K52: =IF(OR($W$1="",F52=""),"",F52-$W$1) -> -488 | L52: =IF(OR($W$1="",G52=""),"",G52-$W$1) | M52: =IF(OR($W$1="",H52=""),"",H52-$W$1) -> -370 | N52: =IF(OR($W$1="",I52=""),"",I52-$W$1) -> -370 | P52: =COUNTIF(J52, "<30") -> 1 | Q52: =COUNTIF(K52, "<30") -> 1 | R52: =COUNTIF(L52, "<30") -> 0 | S52: =COUNTIF(M52, "<30") -> 1 | T52: =COUNTIF(N52, "<30") -> 1 | U52: =COUNTIF(P52:T52, ">0") -> 4 | W52: AA8410OP | X52: 2
A53: 50 | B53: AA8860OF | C53: PT. TANAH PUTIH | E53: 45847 | F53: 45847 | G53: 45927 | H53: 45927 | J53: =IF(OR($W$1="",E53=""),"",E53-$W$1) -> -450 | K53: =IF(OR($W$1="",F53=""),"",F53-$W$1) -> -450 | L53: =IF(OR($W$1="",G53=""),"",G53-$W$1) -> -370 | M53: =IF(OR($W$1="",H53=""),"",H53-$W$1) -> -370 | N53: =IF(OR($W$1="",I53=""),"",I53-$W$1) | P53: =COUNTIF(J53, "<30") -> 1 | Q53: =COUNTIF(K53, "<30") -> 1 | R53: =COUNTIF(L53, "<30") -> 1 | S53: =COUNTIF(M53, "<30") -> 1 | T53: =COUNTIF(N53, "<30") -> 0 | U53: =COUNTIF(P53:T53, ">0") -> 4 | W53: AA8860OF | X53: 2
A54: 51 | B54: G8107OA | C54: PT. MURNI ADHI JAYA | E54: 45978 | F54: 45848 | G54: 45978 | H54: 45978 | J54: =IF(OR($W$1="",E54=""),"",E54-$W$1) -> -319 | K54: =IF(OR($W$1="",F54=""),"",F54-$W$1) -> -449 | L54: =IF(OR($W$1="",G54=""),"",G54-$W$1) -> -319 | M54: =IF(OR($W$1="",H54=""),"",H54-$W$1) -> -319 | N54: =IF(OR($W$1="",I54=""),"",I54-$W$1) | P54: =COUNTIF(J54, "<30") -> 1 | Q54: =COUNTIF(K54, "<30") -> 1 | R54: =COUNTIF(L54, "<30") -> 1 | S54: =COUNTIF(M54, "<30") -> 1 | T54: =COUNTIF(N54, "<30") -> 0 | U54: =COUNTIF(P54:T54, ">0") -> 4 | W54: G8107OA | X54: 1
A55: 52 | B55: G8106OA | C55: PT. MURNI ADHI JAYA | E55: 45875 | F55: 45875 | H55: 45890 | I55: 45890 | J55: =IF(OR($W$1="",E55=""),"",E55-$W$1) -> -422 | K55: =IF(OR($W$1="",F55=""),"",F55-$W$1) -> -422 | L55: =IF(OR($W$1="",G55=""),"",G55-$W$1) | M55: =IF(OR($W$1="",H55=""),"",H55-$W$1) -> -407 | N55: =IF(OR($W$1="",I55=""),"",I55-$W$1) -> -407 | P55: =COUNTIF(J55, "<30") -> 1 | Q55: =COUNTIF(K55, "<30") -> 1 | R55: =COUNTIF(L55, "<30") -> 0 | S55: =COUNTIF(M55, "<30") -> 1 | T55: =COUNTIF(N55, "<30") -> 1 | U55: =COUNTIF(P55:T55, ">0") -> 4 | W55: G8106OA | X55: 0
A56: 53 | B56: G9047OA | C56: PT. MURNI ADHI JAYA | E56: 45927 | F56: 45927 | G56: 45890 | J56: =IF(OR($W$1="",E56=""),"",E56-$W$1) -> -370 | K56: =IF(OR($W$1="",F56=""),"",F56-$W$1) -> -370 | L56: =IF(OR($W$1="",G56=""),"",G56-$W$1) -> -407 | M56: =IF(OR($W$1="",H56=""),"",H56-$W$1) | N56: =IF(OR($W$1="",I56=""),"",I56-$W$1) | P56: =COUNTIF(J56, "<30") -> 1 | Q56: =COUNTIF(K56, "<30") -> 1 | R56: =COUNTIF(L56, "<30") -> 1 | S56: =COUNTIF(M56, "<30") -> 0 | T56: =COUNTIF(N56, "<30") -> 0 | U56: =COUNTIF(P56:T56, ">0") -> 3 | W56: G9047OA | X56: 0
A57: 54 | B57: G9048OA | C57: PT. MURNI ADHI JAYA | E57: 45863 | F57: 45863 | G57: 45978 | H57: 45978 | J57: =IF(OR($W$1="",E57=""),"",E57-$W$1) -> -434 | K57: =IF(OR($W$1="",F57=""),"",F57-$W$1) -> -434 | L57: =IF(OR($W$1="",G57=""),"",G57-$W$1) -> -319 | M57: =IF(OR($W$1="",H57=""),"",H57-$W$1) -> -319 | N57: =IF(OR($W$1="",I57=""),"",I57-$W$1) | P57: =COUNTIF(J57, "<30") -> 1 | Q57: =COUNTIF(K57, "<30") -> 1 | R57: =COUNTIF(L57, "<30") -> 1 | S57: =COUNTIF(M57, "<30") -> 1 | T57: =COUNTIF(N57, "<30") -> 0 | U57: =COUNTIF(P57:T57, ">0") -> 4 | W57: G9048OA | X57: 2
A58: 55 | B58: G9214OA | C58: PT. MURNI ADHI JAYA | J58: =IF(OR($W$1="",E58=""),"",E58-$W$1) | K58: =IF(OR($W$1="",F58=""),"",F58-$W$1) | L58: =IF(OR($W$1="",G58=""),"",G58-$W$1) | M58: =IF(OR($W$1="",H58=""),"",H58-$W$1) | N58: =IF(OR($W$1="",I58=""),"",I58-$W$1) | P58: =COUNTIF(J58, "<30") -> 0 | Q58: =COUNTIF(K58, "<30") -> 0 | R58: =COUNTIF(L58, "<30") -> 0 | S58: =COUNTIF(M58, "<30") -> 0 | T58: =COUNTIF(N58, "<30") -> 0 | U58: =COUNTIF(P58:T58, ">0") -> 0 | W58: G9214OA | X58: 0
A59: 56 | B59: H9390OF | C59: PT. ADHI BUANA PERSADA | E59: 45839 | F59: 45839 | G59: 45839 | H59: 45839 | J59: =IF(OR($W$1="",E59=""),"",E59-$W$1) -> -458 | K59: =IF(OR($W$1="",F59=""),"",F59-$W$1) -> -458 | L59: =IF(OR($W$1="",G59=""),"",G59-$W$1) -> -458 | M59: =IF(OR($W$1="",H59=""),"",H59-$W$1) -> -458 | N59: =IF(OR($W$1="",I59=""),"",I59-$W$1) | P59: =COUNTIF(J59, "<30") -> 1 | Q59: =COUNTIF(K59, "<30") -> 1 | R59: =COUNTIF(L59, "<30") -> 1 | S59: =COUNTIF(M59, "<30") -> 1 | T59: =COUNTIF(N59, "<30") -> 0 | U59: =COUNTIF(P59:T59, ">0") -> 4 | W59: H9390OF | X59: 4
A60: 57 | B60: H9391OF | C60: PT. ADHI BUANA PERSADA | J60: =IF(OR($W$1="",E60=""),"",E60-$W$1) | K60: =IF(OR($W$1="",F60=""),"",F60-$W$1) | L60: =IF(OR($W$1="",G60=""),"",G60-$W$1) | M60: =IF(OR($W$1="",H60=""),"",H60-$W$1) | N60: =IF(OR($W$1="",I60=""),"",I60-$W$1) | P60: =COUNTIF(J60, "<30") -> 0 | Q60: =COUNTIF(K60, "<30") -> 0 | R60: =COUNTIF(L60, "<30") -> 0 | S60: =COUNTIF(M60, "<30") -> 0 | T60: =COUNTIF(N60, "<30") -> 0 | U60: =COUNTIF(P60:T60, ">0") -> 0 | W60: H9391OF | X60: 0
A61: 58 | B61: H9392OF | C61: PT. ADHI BUANA PERSADA | E61: 46059 | F61: 46059 | G61: 45917 | H61: 45991 | J61: =IF(OR($W$1="",E61=""),"",E61-$W$1) -> -238 | K61: =IF(OR($W$1="",F61=""),"",F61-$W$1) -> -238 | L61: =IF(OR($W$1="",G61=""),"",G61-$W$1) -> -380 | M61: =IF(OR($W$1="",H61=""),"",H61-$W$1) -> -306 | N61: =IF(OR($W$1="",I61=""),"",I61-$W$1) | P61: =COUNTIF(J61, "<30") -> 1 | Q61: =COUNTIF(K61, "<30") -> 1 | R61: =COUNTIF(L61, "<30") -> 1 | S61: =COUNTIF(M61, "<30") -> 1 | T61: =COUNTIF(N61, "<30") -> 0 | U61: =COUNTIF(P61:T61, ">0") -> 4 | W61: H9392OF | X61: 0
A62: 59 | B62: H9677OF | C62: PT. ADHI BUANA PERSADA | E62: 46005 | F62: 46005 | J62: =IF(OR($W$1="",E62=""),"",E62-$W$1) -> -292 | K62: =IF(OR($W$1="",F62=""),"",F62-$W$1) -> -292 | L62: =IF(OR($W$1="",G62=""),"",G62-$W$1) | M62: =IF(OR($W$1="",H62=""),"",H62-$W$1) | N62: =IF(OR($W$1="",I62=""),"",I62-$W$1) | P62: =COUNTIF(J62, "<30") -> 1 | Q62: =COUNTIF(K62, "<30") -> 1 | R62: =COUNTIF(L62, "<30") -> 0 | S62: =COUNTIF(M62, "<30") -> 0 | T62: =COUNTIF(N62, "<30") -> 0 | U62: =COUNTIF(P62:T62, ">0") -> 2 | W62: H9677OF | X62: 0
A63: 60 | B63: H9698OF | C63: PT. ADHI BUANA PERSADA | E63: 45862 | F63: 45862 | H63: 45978 | J63: =IF(OR($W$1="",E63=""),"",E63-$W$1) -> -435 | K63: =IF(OR($W$1="",F63=""),"",F63-$W$1) -> -435 | L63: =IF(OR($W$1="",G63=""),"",G63-$W$1) | M63: =IF(OR($W$1="",H63=""),"",H63-$W$1) -> -319 | N63: =IF(OR($W$1="",I63=""),"",I63-$W$1) | P63: =COUNTIF(J63, "<30") -> 1 | Q63: =COUNTIF(K63, "<30") -> 1 | R63: =COUNTIF(L63, "<30") -> 0 | S63: =COUNTIF(M63, "<30") -> 1 | T63: =COUNTIF(N63, "<30") -> 0 | U63: =COUNTIF(P63:T63, ">0") -> 3 | W63: H9698OF | X63: 2
A64: 61 | B64: H9771OF | C64: PT. LUMAS BIRU PRIMA | E64: 45893 | F64: 45893 | G64: 45862 | H64: 45862 | J64: =IF(OR($W$1="",E64=""),"",E64-$W$1) -> -404 | K64: =IF(OR($W$1="",F64=""),"",F64-$W$1) -> -404 | L64: =IF(OR($W$1="",G64=""),"",G64-$W$1) -> -435 | M64: =IF(OR($W$1="",H64=""),"",H64-$W$1) -> -435 | N64: =IF(OR($W$1="",I64=""),"",I64-$W$1) | P64: =COUNTIF(J64, "<30") -> 1 | Q64: =COUNTIF(K64, "<30") -> 1 | R64: =COUNTIF(L64, "<30") -> 1 | S64: =COUNTIF(M64, "<30") -> 1 | T64: =COUNTIF(N64, "<30") -> 0 | U64: =COUNTIF(P64:T64, ">0") -> 4 | W64: H9771OF | X64: 2
A65: 62 | B65: N9405UH | C65: PT DHARMA CITRA ENERGI | E65: 45862 | F65: 45862 | H65: 45862 | I65: 45862 | J65: =IF(OR($W$1="",E65=""),"",E65-$W$1) -> -435 | K65: =IF(OR($W$1="",F65=""),"",F65-$W$1) -> -435 | L65: =IF(OR($W$1="",G65=""),"",G65-$W$1) | M65: =IF(OR($W$1="",H65=""),"",H65-$W$1) -> -435 | N65: =IF(OR($W$1="",I65=""),"",I65-$W$1) -> -435 | P65: =COUNTIF(J65, "<30") -> 1 | Q65: =COUNTIF(K65, "<30") -> 1 | R65: =COUNTIF(L65, "<30") -> 0 | S65: =COUNTIF(M65, "<30") -> 1 | T65: =COUNTIF(N65, "<30") -> 1 | U65: =COUNTIF(P65:T65, ">0") -> 4 | W65: N9405UH | X65: 4
A66: 63 | B66: N8869UF | C66: PT DHARMA CITRA ENERGI | E66: 45970 | F66: 45970 | J66: =IF(OR($W$1="",E66=""),"",E66-$W$1) -> -327 | K66: =IF(OR($W$1="",F66=""),"",F66-$W$1) -> -327 | L66: =IF(OR($W$1="",G66=""),"",G66-$W$1) | M66: =IF(OR($W$1="",H66=""),"",H66-$W$1) | N66: =IF(OR($W$1="",I66=""),"",I66-$W$1) | P66: =COUNTIF(J66, "<30") -> 1 | Q66: =COUNTIF(K66, "<30") -> 1 | R66: =COUNTIF(L66, "<30") -> 0 | S66: =COUNTIF(M66, "<30") -> 0 | T66: =COUNTIF(N66, "<30") -> 0 | U66: =COUNTIF(P66:T66, ">0") -> 2 | W66: N8869UF | X66: 0
A67: 64 | B67: N8864UG | C67: PT DHARMA CITRA ENERGI | E67: 45970 | F67: 45862 | G67: 45862 | H67: 45862 | J67: =IF(OR($W$1="",E67=""),"",E67-$W$1) -> -327 | K67: =IF(OR($W$1="",F67=""),"",F67-$W$1) -> -435 | L67: =IF(OR($W$1="",G67=""),"",G67-$W$1) -> -435 | M67: =IF(OR($W$1="",H67=""),"",H67-$W$1) -> -435 | N67: =IF(OR($W$1="",I67=""),"",I67-$W$1) | P67: =COUNTIF(J67, "<30") -> 1 | Q67: =COUNTIF(K67, "<30") -> 1 | R67: =COUNTIF(L67, "<30") -> 1 | S67: =COUNTIF(M67, "<30") -> 1 | T67: =COUNTIF(N67, "<30") -> 0 | U67: =COUNTIF(P67:T67, ">0") -> 4 | W67: N8864UG | X67: 3
A68: 65 | B68: N8641UH | E68: 45927 | F68: 45927 | H68: 45862 | J68: =IF(OR($W$1="",E68=""),"",E68-$W$1) -> -370 | K68: =IF(OR($W$1="",F68=""),"",F68-$W$1) -> -370 | L68: =IF(OR($W$1="",G68=""),"",G68-$W$1) | M68: =IF(OR($W$1="",H68=""),"",H68-$W$1) -> -435 | N68: =IF(OR($W$1="",I68=""),"",I68-$W$1) | P68: =COUNTIF(J68, "<30") -> 1 | Q68: =COUNTIF(K68, "<30") -> 1 | R68: =COUNTIF(L68, "<30") -> 0 | S68: =COUNTIF(M68, "<30") -> 1 | T68: =COUNTIF(N68, "<30") -> 0 | U68: =COUNTIF(P68:T68, ">0") -> 3 | W68: N8641UH | X68: 1
A69: 66 | B69: N9326UI | C69: PT. SWS | E69: 46005 | F69: 46005 | G69: 46005 | H69: 46005 | J69: =IF(OR($W$1="",E69=""),"",E69-$W$1) -> -292 | K69: =IF(OR($W$1="",F69=""),"",F69-$W$1) -> -292 | L69: =IF(OR($W$1="",G69=""),"",G69-$W$1) -> -292 | M69: =IF(OR($W$1="",H69=""),"",H69-$W$1) -> -292 | N69: =IF(OR($W$1="",I69=""),"",I69-$W$1) | P69: =COUNTIF(J69, "<30") -> 1 | Q69: =COUNTIF(K69, "<30") -> 1 | R69: =COUNTIF(L69, "<30") -> 1 | S69: =COUNTIF(M69, "<30") -> 1 | T69: =COUNTIF(N69, "<30") -> 0 | U69: =COUNTIF(P69:T69, ">0") -> 4 | W69: N9326UI | X69: 0
A70: 67 | B70: N9086UI | C70: PT. SWS | J70: =IF(OR($W$1="",E70=""),"",E70-$W$1) | K70: =IF(OR($W$1="",F70=""),"",F70-$W$1) | L70: =IF(OR($W$1="",G70=""),"",G70-$W$1) | M70: =IF(OR($W$1="",H70=""),"",H70-$W$1) | N70: =IF(OR($W$1="",I70=""),"",I70-$W$1) | P70: =COUNTIF(J70, "<30") -> 0 | Q70: =COUNTIF(K70, "<30") -> 0 | R70: =COUNTIF(L70, "<30") -> 0 | S70: =COUNTIF(M70, "<30") -> 0 | T70: =COUNTIF(N70, "<30") -> 0 | U70: =COUNTIF(P70:T70, ">0") -> 0 | W70: N9086UI | X70: 0
A71: 68 | B71: N9657UI | J71: =IF(OR($W$1="",E71=""),"",E71-$W$1) | K71: =IF(OR($W$1="",F71=""),"",F71-$W$1) | L71: =IF(OR($W$1="",G71=""),"",G71-$W$1) | M71: =IF(OR($W$1="",H71=""),"",H71-$W$1) | N71: =IF(OR($W$1="",I71=""),"",I71-$W$1) | P71: =COUNTIF(J71, "<30") -> 0 | Q71: =COUNTIF(K71, "<30") -> 0 | R71: =COUNTIF(L71, "<30") -> 0 | S71: =COUNTIF(M71, "<30") -> 0 | T71: =COUNTIF(N71, "<30") -> 0 | U71: =COUNTIF(P71:T71, ">0") -> 0 | W71: N9657UI | X71: 0
A72: 69 | B72: N9865UJ | E72: 45822 | F72: 45822 | G72: 45822 | H72: 45822 | J72: =IF(OR($W$1="",E72=""),"",E72-$W$1) -> -475 | K72: =IF(OR($W$1="",F72=""),"",F72-$W$1) -> -475 | L72: =IF(OR($W$1="",G72=""),"",G72-$W$1) -> -475 | M72: =IF(OR($W$1="",H72=""),"",H72-$W$1) -> -475 | N72: =IF(OR($W$1="",I72=""),"",I72-$W$1) | P72: =COUNTIF(J72, "<30") -> 1 | Q72: =COUNTIF(K72, "<30") -> 1 | R72: =COUNTIF(L72, "<30") -> 1 | S72: =COUNTIF(M72, "<30") -> 1 | T72: =COUNTIF(N72, "<30") -> 0 | U72: =COUNTIF(P72:T72, ">0") -> 4 | W72: N9865UJ | X72: 4
A73: 70 | B73: N9369UI | E73: 45822 | F73: 45822 | G73: 45978 | J73: =IF(OR($W$1="",E73=""),"",E73-$W$1) -> -475 | K73: =IF(OR($W$1="",F73=""),"",F73-$W$1) -> -475 | L73: =IF(OR($W$1="",G73=""),"",G73-$W$1) -> -319 | M73: =IF(OR($W$1="",H73=""),"",H73-$W$1) | N73: =IF(OR($W$1="",I73=""),"",I73-$W$1) | P73: =COUNTIF(J73, "<30") -> 1 | Q73: =COUNTIF(K73, "<30") -> 1 | R73: =COUNTIF(L73, "<30") -> 1 | S73: =COUNTIF(M73, "<30") -> 0 | T73: =COUNTIF(N73, "<30") -> 0 | U73: =COUNTIF(P73:T73, ">0") -> 3 | W73: N9369UI | X73: 2
A74: 71 | B74: N8533UG | E74: 45890 | F74: 45890 | G74: 45890 | H74: 45890 | J74: =IF(OR($W$1="",E74=""),"",E74-$W$1) -> -407 | K74: =IF(OR($W$1="",F74=""),"",F74-$W$1) -> -407 | L74: =IF(OR($W$1="",G74=""),"",G74-$W$1) -> -407 | M74: =IF(OR($W$1="",H74=""),"",H74-$W$1) -> -407 | N74: =IF(OR($W$1="",I74=""),"",I74-$W$1) | P74: =COUNTIF(J74, "<30") -> 1 | Q74: =COUNTIF(K74, "<30") -> 1 | R74: =COUNTIF(L74, "<30") -> 1 | S74: =COUNTIF(M74, "<30") -> 1 | T74: =COUNTIF(N74, "<30") -> 0 | U74: =COUNTIF(P74:T74, ">0") -> 4 | W74: N8533UG | X74: 0
A75: 72 | B75: H8481OH | E75: 45868 | F75: 45868 | G75: 45978 | H75: 45978 | J75: =IF(OR($W$1="",E75=""),"",E75-$W$1) -> -429 | K75: =IF(OR($W$1="",F75=""),"",F75-$W$1) -> -429 | L75: =IF(OR($W$1="",G75=""),"",G75-$W$1) -> -319 | M75: =IF(OR($W$1="",H75=""),"",H75-$W$1) -> -319 | N75: =IF(OR($W$1="",I75=""),"",I75-$W$1) | P75: =COUNTIF(J75, "<30") -> 1 | Q75: =COUNTIF(K75, "<30") -> 1 | R75: =COUNTIF(L75, "<30") -> 1 | S75: =COUNTIF(M75, "<30") -> 1 | T75: =COUNTIF(N75, "<30") -> 0 | U75: =COUNTIF(P75:T75, ">0") -> 4 | W75: H8481OH | X75: 2
A76: 73 | B76: H8428OH | E76: 45863 | F76: 45863 | G76: 45863 | H76: 45863 | J76: =IF(OR($W$1="",E76=""),"",E76-$W$1) -> -434 | K76: =IF(OR($W$1="",F76=""),"",F76-$W$1) -> -434 | L76: =IF(OR($W$1="",G76=""),"",G76-$W$1) -> -434 | M76: =IF(OR($W$1="",H76=""),"",H76-$W$1) -> -434 | N76: =IF(OR($W$1="",I76=""),"",I76-$W$1) | P76: =COUNTIF(J76, "<30") -> 1 | Q76: =COUNTIF(K76, "<30") -> 1 | R76: =COUNTIF(L76, "<30") -> 1 | S76: =COUNTIF(M76, "<30") -> 1 | T76: =COUNTIF(N76, "<30") -> 0 | U76: =COUNTIF(P76:T76, ">0") -> 4 | W76: H8428OH | X76: 4
A77: 74 | B77: H9013OH | E77: 46023 | F77: 46023 | G77: 46023 | H77: 46023 | J77: =IF(OR($W$1="",E77=""),"",E77-$W$1) -> -274 | K77: =IF(OR($W$1="",F77=""),"",F77-$W$1) -> -274 | L77: =IF(OR($W$1="",G77=""),"",G77-$W$1) -> -274 | M77: =IF(OR($W$1="",H77=""),"",H77-$W$1) -> -274 | N77: =IF(OR($W$1="",I77=""),"",I77-$W$1) | P77: =COUNTIF(J77, "<30") -> 1 | Q77: =COUNTIF(K77, "<30") -> 1 | R77: =COUNTIF(L77, "<30") -> 1 | S77: =COUNTIF(M77, "<30") -> 1 | T77: =COUNTIF(N77, "<30") -> 0 | U77: =COUNTIF(P77:T77, ">0") -> 4 | W77: H9013OH | X77: 0
A78: 75 | B78: B9022SFV | C78: PT.PPN | E78: 45889 | F78: 45889 | I78: 45978 | J78: =IF(OR($W$1="",E78=""),"",E78-$W$1) -> -408 | K78: =IF(OR($W$1="",F78=""),"",F78-$W$1) -> -408 | L78: =IF(OR($W$1="",G78=""),"",G78-$W$1) | M78: =IF(OR($W$1="",H78=""),"",H78-$W$1) | N78: =IF(OR($W$1="",I78=""),"",I78-$W$1) -> -319 | P78: =COUNTIF(J78, "<30") -> 1 | Q78: =COUNTIF(K78, "<30") -> 1 | R78: =COUNTIF(L78, "<30") -> 0 | S78: =COUNTIF(M78, "<30") -> 0 | T78: =COUNTIF(N78, "<30") -> 1 | U78: =COUNTIF(P78:T78, ">0") -> 3 | W78: B9022SFV | X78: 0
A79: 76 | B79: B9061SFV | C79: PT.ELNUSA | E79: 45879 | F79: 45879 | G79: 45879 | H79: 45879 | J79: =IF(OR($W$1="",E79=""),"",E79-$W$1) -> -418 | K79: =IF(OR($W$1="",F79=""),"",F79-$W$1) -> -418 | L79: =IF(OR($W$1="",G79=""),"",G79-$W$1) -> -418 | M79: =IF(OR($W$1="",H79=""),"",H79-$W$1) -> -418 | N79: =IF(OR($W$1="",I79=""),"",I79-$W$1) | P79: =COUNTIF(J79, "<30") -> 1 | Q79: =COUNTIF(K79, "<30") -> 1 | R79: =COUNTIF(L79, "<30") -> 1 | S79: =COUNTIF(M79, "<30") -> 1 | T79: =COUNTIF(N79, "<30") -> 0 | U79: =COUNTIF(P79:T79, ">0") -> 4 | W79: B9061SFV | X79: 0
A80: 77 | B80: H9155OF | C80: PT.LUMAS PRIMA | E80: 45889 | F80: 45889 | G80: 45889 | H80: 45889 | I80: 45889 | J80: =IF(OR($W$1="",E80=""),"",E80-$W$1) -> -408 | K80: =IF(OR($W$1="",F80=""),"",F80-$W$1) -> -408 | L80: =IF(OR($W$1="",G80=""),"",G80-$W$1) -> -408 | M80: =IF(OR($W$1="",H80=""),"",H80-$W$1) -> -408 | N80: =IF(OR($W$1="",I80=""),"",I80-$W$1) -> -408 | P80: =COUNTIF(J80, "<30") -> 1 | Q80: =COUNTIF(K80, "<30") -> 1 | R80: =COUNTIF(L80, "<30") -> 1 | S80: =COUNTIF(M80, "<30") -> 1 | T80: =COUNTIF(N80, "<30") -> 1 | U80: =COUNTIF(P80:T80, ">0") -> 5 | W80: H9155OF | X80: 0
A81: 78 | B81: B9234SFV | C81: PT. PPN | E81: 45912 | F81: 45912 | I81: 45912 | J81: =IF(OR($W$1="",E81=""),"",E81-$W$1) -> -385 | K81: =IF(OR($W$1="",F81=""),"",F81-$W$1) -> -385 | L81: =IF(OR($W$1="",G81=""),"",G81-$W$1) | M81: =IF(OR($W$1="",H81=""),"",H81-$W$1) | N81: =IF(OR($W$1="",I81=""),"",I81-$W$1) -> -385 | P81: =COUNTIF(J81, "<30") -> 1 | Q81: =COUNTIF(K81, "<30") -> 1 | R81: =COUNTIF(L81, "<30") -> 0 | S81: =COUNTIF(M81, "<30") -> 0 | T81: =COUNTIF(N81, "<30") -> 1 | U81: =COUNTIF(P81:T81, ">0") -> 3 | W81: B9234SFV | X81: 0
A82: 79 | B82: B9246SFV | C82: PT. PPN | E82: 45889 | F82: 45889 | G82: 45978 | H82: 45978 | J82: =IF(OR($W$1="",E82=""),"",E82-$W$1) -> -408 | K82: =IF(OR($W$1="",F82=""),"",F82-$W$1) -> -408 | L82: =IF(OR($W$1="",G82=""),"",G82-$W$1) -> -319 | M82: =IF(OR($W$1="",H82=""),"",H82-$W$1) -> -319 | N82: =IF(OR($W$1="",I82=""),"",I82-$W$1) | P82: =COUNTIF(J82, "<30") -> 1 | Q82: =COUNTIF(K82, "<30") -> 1 | R82: =COUNTIF(L82, "<30") -> 1 | S82: =COUNTIF(M82, "<30") -> 1 | T82: =COUNTIF(N82, "<30") -> 0 | U82: =COUNTIF(P82:T82, ">0") -> 4 | W82: B9246SFV | X82: 0
A83: 80 | B83: N8021UEA | C83: PT DHARMA CITRA ENERGI | E83: 46433 | F83: 46433 | G83: 46433 | H83: 46433 | J83: =IF(OR($W$1="",E83=""),"",E83-$W$1) -> 136 | K83: =IF(OR($W$1="",F83=""),"",F83-$W$1) -> 136 | L83: =IF(OR($W$1="",G83=""),"",G83-$W$1) -> 136 | M83: =IF(OR($W$1="",H83=""),"",H83-$W$1) -> 136 | N83: =IF(OR($W$1="",I83=""),"",I83-$W$1) | P83: =COUNTIF(J83, "<30") -> 0 | Q83: =COUNTIF(K83, "<30") -> 0 | R83: =COUNTIF(L83, "<30") -> 0 | S83: =COUNTIF(M83, "<30") -> 0 | T83: =COUNTIF(N83, "<30") -> 0 | U83: =COUNTIF(P83:T83, ">0") -> 0 | W83: N8021UEA | X83: 0
J84: =COUNTIF(J4:J83, "<30") -> 65 | K84: =COUNTIF(K4:K83, "<30") -> 65 | L84: =COUNTIF(L4:L83, "<30") -> 28 | M84: =COUNTIF(M4:M83, "<30") -> 61 | N84: =COUNTIF(N4:N83, "<30") -> 35
J85: =SUM(J84:K84) -> 130

Sheet STOCK APAR CADANGAN
A1: STOCK APAR CADANGAN DCM (FT MAOS)
A3: NO | B3: NO REGISTRASI | C3: TANGGAL PENGIRIMAN | D3: SUSULAN CADANGAN TURUN DARI MT | I3: RESTOCK APAR | N3: KETERANGAN (PENERIMA) | O3: NO REGISTRASI | P3: TANGGAL DIKEMBALIKAN | Q3: APAR YANG DIKEMBALIKAN KE WS MITRA TEKNIK | V3: KETERANGAN (TIM HINO BERTUGAS)
D4: DCP C | E4: DCP P | F4: FOAM | G4: CO2:3 | H4: CO2:5 | I4: DCP C | J4: DCP P | K4: FOAM | L4: CO2:3 | M4: CO2:5 | Q4: DCP C | R4: DCP P | S4: FOAM | T4: CO2:3 | U4: CO2:5
A5: {=_xludf.SEQUENCE(40,1)} -> #NAME? | B5: 981 | C5: 45743 | D5: 12 | E5: 3 | F5: 13 | G5: 13 | H5: 1 | N5: BRIAN | O5: 1055 | P5: 45786 | Q5: 1 | R5: 9 | S5: 10 | T5: 1 | V5: TEGUH
A6: #NAME? | B6: 981 | C6: 45743 | E6: 1 | F6: 2 | J6: 20 | K6: 20 | L6: 7 | N6: BRIAN | O6: 1074 | P6: 45798 | Q6: 1 | R6: 4 | S6: 6 | T6: 2 | V6: TEGUH
A7: #NAME? | B7: 1074 | C7: 45798 | I7: 1 | J7: 5 | K7: 6 | L7: 5 | N7: ADITYA | O7: 1094 | P7: 45813 | R7: 3 | S7: 1 | T7: 4 | V7: TEGUH
A8: #NAME? | B8: 1251 | C8: 45880 | I8: 3 | N8: SAHRUL | O8: 1103 | P8: 45827 | S8: 3 | T8: 2 | V8: TEGUH
A9: #NAME? | B9: 1320 | C9: 45898 | J9: 14 | K9: 26 | N9: TEGUH | O9: 1189 | P9: 45853 | S9: 2 | V9: HERIYANTO
A10: #NAME? | B10: 1452 | C10: 45917 | I10: 12 | J10: 10 | K10: 14 | N10: TEGUH | O10: 1197 | P10: 45859 | R10: 3 | S10: 2 | V10: TEGUH
A11: #NAME? | B11: 1523 | C11: 45951 | J11: 8 | N11: TEGUH | O11: 1252 | P11: 45881 | R11: 1 | T11: 3 | V11: TEGUH
A12: #NAME? | B12: 1589 | C12: 45992 | I12: 10 | J12: 10 | N12: ADITYA | O12: 1265 | P12: 45884 | R12: 2 | S12: 1 | V12: ADITYA
A13: #NAME? | B13: 1725 | C13: 46036 | I13: 2 | J13: 8 | K13: 10 | N13: TEGUH | O13: 1320 | P13: 45898 | R13: 3 | S13: 2 | V13: TEGUH
A14: #NAME? | B14: 1740 | C14: 46050 | I14: 30 | J14: 2 | K14: 4 | N14: SAHRUL | O14: 1467 | P14: 45924 | R14: 2 | S14: 2 | T14: 15 | V14: HANAFI
A15: #NAME? | B15: 1786 | C15: 46063 | K15: 20 | N15: TEGUH | O15: 1523 | P15: 45951 | Q15: 1 | R15: 7 | S15: 10 | V15: TEGUH
A16: #NAME? | B16: 1837 | C16: 46079 | J16: 11 | K16: 20 | N16: TEGUH | O16: 1546 | P16: 45968 | Q16: 3 | R16: 5 | S16: 2 | T16: 1 | V16: ADITYA
A17: #NAME? | B17: 1883 | C17: 46091 | I17: 3 | J17: 7 | K17: 3 | N17: TEGUH | O17: 1572 | P17: 45982 | Q17: 1 | R17: 1 | S17: 5 | V17: TEGUH
A18: #NAME? | O18: 1639 | P18: 46010 | R18: 1 | S18: 2 | V18: TEGUH
A19: #NAME? | O19: 1722 | P19: 46034 | Q19: 2 | R19: 1 | S19: 4 | V19: TEGUH
A20: #NAME? | O20: 1740 | P20: 46050 | Q20: 2 | R20: 6 | S20: 8 | V20: TEGUH
A21: #NAME? | O21: 1786 | P21: 46063 | Q21: 6 | R21: 7 | S21: 15 | V21: TEGUH
A22: #NAME? | O22: 1828 | P22: 46074 | Q22: 2 | R22: 7 | S22: 4 | T22: 1 | V22: NAJEH
A23: #NAME? | O23: 1837 | P23: 46079 | Q23: 5 | R23: 7 | S23: 6 | V23: TEGUH
A24: #NAME? | O24: 1915 | P24: 46126 | Q24: 6 | R24: 12 | S24: 4 | V24: SARIF
A25: #NAME? | O25: 2007 | P25: 46147 | Q25: 3 | R25: 6 | S25: 2 | V25: TEGUH
A26: #NAME? | O26: 2041 | P26: 46170 | Q26: 5 | R26: 4 | S26: 11 | V26: TEGUH
A27: #NAME? | O27: 2119 | P27: 46204 | Q27: 5 | R27: 3 | S27: 1 | V27: SARIF
A28: #NAME?
A29: #NAME?
A30: #NAME?
A31: #NAME?
A32: #NAME?
A33: #NAME?
A34: #NAME?
A35: #NAME?
A36: #NAME?
A37: #NAME?
A38: #NAME?
A39: #NAME?
... A44: #NAME?
D45: =SUM(D5:D44) -> 12 | E45: =SUM(E5:E44) -> 4 | F45: =SUM(F5:F44) -> 15 | G45: =SUM(G5:G44) -> 13 | H45: =SUM(H5:H44) -> 1 | I45: =SUM(I5:I44) -> 61 | J45: =SUM(J5:J44) -> 95 | K45: =SUM(K5:K44) -> 123 | ... M45: =SUM(M5:M44) -> 0 | Q45: =SUM(Q5:Q44) -> 43 | R45: =SUM(R5:R44) -> 94 | S45: =SUM(S5:S44) -> 103 | T45: =SUM(T5:T44) -> 29 | U45: =SUM(U5:U44) -> 0
I46: TOTAL APAR YANG DIKIRIM = | M46: =SUM(D45:M45) -> 336 | Q46: TOTAL APAR YANG KEMBALI = | T46: =SUM(Q45:U45) -> 269
H50: JENIS APAR | I50: TOTAL STOCK HINO
B51: TIDAK ADA CATATAN APAR DCP C ATAU DCP P YANG NAIK (DIINPUT SEMENTARA KE DCP P) | H51: DCP C | I51: =D45+I45-Q45 -> 30
A52: NOTE : SUSULAN NOPOL B9223SFV &H9155OF | H52: DCP P | I52: =E45+J45-R45 -> 5
H53: FOAM | I53: =F45+K45-S45 -> 35
H54: CO2 3 KG | I54: =G45+L45-T45 -> -4
H55: CO2 5 KG | I55: =H45+M45-U45 -> 1
H57: TOTAL | I57: =SUM(I51:J55) -> 67
N75: =12+1+3+12+10+2+30+3 -> 73 | O75: =1+1+1+3+1+2+2+6+2+5+6+3+5+5 -> 43 | P75: =N75-O75 -> 30
N76: =20+3+1+5+14+10+8+10+8+2+11+7 -> 99 | O76: =9+4+3+3+1+2+3+2+7+5+1+1+1+6+7+7+7+12+6+4+3 -> 94 | P76: =N76-O76 -> 5
N77: =20+13+1+1+6+26+14+10+4+20+20+3 -> 138 | O77: =10+6+1+3+2+2+1+2+2+10+2+5+2+4+8+15+4+6+4+2+11+1 -> 103 | P77: =N77-O77 -> 35
N78: =7+13+5 -> 25 | O78: =1+2+4+2+3+15+1+1 -> 29 | P78: =N78-O78 -> -4
N79: =1 -> 1 | P79: =N79-O79 -> 1

Sheet REKAP APAR DEDI
A1: NO | B1: NOPOL | C1: TRANSPORTIR | D1: CO2 PERTAMA | E1: CO2 KEDUA | F1: DCP PRESSURE 1 | G1: DCP PRESSURE 2 | H1: DCP CATRIDGE | I1: FOAM 1 | J1: FOAM 2
A2: 1 | B2: AA8410OP | C2: PT RISKI HARTATA ABADI | D2: 46254 | E2: 46254 | H2: 46292 | J2: 46292
A3: 2 | B3: AA8860OF | C3: PT RISKI HARTATA ABADI | D3: 46292 | E3: 46292 | F3: 46325 | J3: 46325
A4: 3 | B4: AD8603OH | C4: PT. KARYAMAS MANUNGGAL JAYA | D4: 46254 | E4: 46254 | F4: 46254 | J4: 46352
A5: 4 | B5: AD8618OH | C5: PT. KARYAMAS MANUNGGAL JAYA | D5: 46229 | E5: 46229 | F5: 46352 | J5: 46229
A6: 5 | B6: B9022SFV | C6: PT PERTAMINA PATRA NIAGA | D6: 46283 | E6: 46283 | H6: 46376 | J6: 46292
A7: 6 | B7: B9061SFV | C7: PT. ELNUSA PETROFIN | D7: 46292 | E7: 46292 | H7: 46254 | J7: 46325
A8: 7 | B8: B9077SEI | C8: PT PERTAMINA PATRA NIAGA | F8: 46292 | H8: 46292 | I8: 46292 | J8: 46292
A9: 8 | B9: B9106SEI | C9: PT PERTAMINA PATRA NIAGA | F9: 46292 | G9: 46292 | I9: 46292 | J9: 46292
A10: 9 | B10: B9223SFV | C10: PT PERTAMINA PATRA NIAGA | D10: 46229 | E10: 46229 | H10: 46283 | J10: 46283
A11: 10 | B11: B9290TFV | C11: PT. ADAM TRANS | D11: 46292 | E11: 46292 | H11: 46292 | J11: 46292
A12: 11 | B12: B9300TFV | C12: PT. ADAM TRANS | D12: 46376 | E12: 46376 | H12: 46053 | J12: 46376
A13: 12 | B13: B9355TFV | C13: PT. ADAM TRANS | D13: 46292 | E13: 46254 | H13: 46292 | J13: 46292
A14: 13 | B14: B9376TFV | C14: PT. ADAM TRANS | D14: 46254 | E14: 46254 | F14: 46292 | J14: 46283
A15: 14 | B15: B9378TFV | C15: PT. ADAM TRANS | D15: 46292 | E15: 46292 | H15: 46254 | J15: 46292
A16: 15 | B16: B9504TEI | C16: PT. ADAM TRANS | D16: 46283 | H16: 46352 | J16: 46352
A17: 16 | B17: B9505TEI | C17: PT. ADAM TRANS | D17: 45854 | E17: 45854 | H17: 46053 | J17: 46292
A18: 17 | B18: B9520TEI | C18: PT. ADAM TRANS | D18: 46283 | E18: 46283 | H18: 46254 | J18: 46254
A19: 18 | B19: B9570SEI | C19: PT. ELNUSA PETROFIN | D19: 46229 | E19: 46229 | H19: 46352 | J19: 46352
A20: 19 | B20: B9697SFV | C20: PT. ELNUSA PETROFIN | D20: 46229 | E20: 46229 | H20: 46325 | J20: 46283
A21: 20 | B21: B9697SFV | C21: PT. ELNUSA PETROFIN | D21: DCP PRESSURE | E21: 2T | F21: 46376 | J21: 46376
A22: 21 | B22: B9570SEI | C22: PT. ELNUSA PETROFIN | D22: FOAM | E22: 2T | F22: 46376 | J22: 46376
A23: 22 | B23: B9810TEI | C23: PT. ADAM TRANS | D23: 46197 | E23: 46197 | F23: 46376 | J23: 46254
A24: 23 | B24: B9811TEI | C24: PT. ADAM TRANS | D24: 46283 | E24: 46283 | H24: 46325 | J24: 46325
A25: 24 | B25: B9812TEI | C25: PT. ADAM TRANS | D25: 46283 | E25: 46283 | H25: 46254 | J25: 46254
A26: 25 | B26: E9225YC | C26: PT.PUSPITA CIPTA | D26: 46283 | E26: 46283 | H26: 46283 | J26: 46283
A27: 26 | B27: E9264YC | C27: PT.PUSPITA CIPTA | D27: 46254 | E27: 46254 | H27: 46376 | J27: 46254
A28: 27 | B28: E9334YC | C28: PT.PUSPITA CIPTA | D28: 45890 | E28: 45890 | H28: 46254 | J28: 46352
A29: 28 | B29: E9335YC | C29: PT.PUSPITA CIPTA | D29: 46254 | E29: 46254 | H29: 46325 | J29: 46283
A30: 29 | B30: E9412YC | C30: PT.PUSPITA CIPTA | D30: 46283 | E30: 46283 | H30: 46376 | J30: 46352
A31: 30 | B31: E9445YC | C31: PT.PUSPITA CIPTA | D31: 46197 | E31: 46197 | H31: 46352 | J31: 46352
A32: 31 | B32: E9450YC | C32: PT.PUSPITA CIPTA | D32: 46254 | E32: 46254 | H32: 46325 | J32: 46053
A33: 32 | B33: E9452YC | C33: PT.PUSPITA CIPTA | D33: 46229 | E33: 46229 | H33: 46325 | J33: 46229
A34: 33 | B34: E9453YC | C34: PT.PUSPITA CIPTA | D34: 46283 | E34: 46283 | H34: 46283 | J34: 46283
A35: 34 | B35: E9493YC | C35: PT.PUSPITA CIPTA | D35: 46283 | E35: 46283 | H35: 46292 | J35: 46352
... A45: 44 | B45: E9556YC | C45: PT. PUSPITA CIPTA | D45: 46325 | E45: 46325 | H45: 46325 | J45: 46325
A46: 45 | B46: B9425TEK | C46: PT. PUSPITA CIPTA | F46: 46378 | G46: 46378 | I46: 46378 | J46: 46378
A47: 46 | B47: G9534OA | C47: PT. MURNI ADHI JAYA | F47: 46325 | G47: 46325 | H47: 46325 | I47: 46325 | J47: 46325
A48: 47 | B48: G9532OA | C48: PT. MURNI ADHI JAYA | F48: 46270 | G48: 46270 | H48: P 2T, F 2T | I48: 46270 | J48: 46270
A49: 48 | B49: G9214OA | C49: PT. MURNI ADHI JAYA | D49: 46229 | E49: 46229 | H49: 46053 | J49: 46229
A50: 49 | B50: H8428OH | C50: PT. LUMAS BIRU MANDIRI | D50: 46254 | E50: 46254 | F50: 46352 | J50: 46352
A51: 50 | B51: H8481OH | C51: PT. LUMAS BIRU MANDIRI | D51: 46283 | E51: 46283 | F51: 46376 | J51: 46376
A52: 51 | B52: H9013OH | C52: PT. LUMAS BIRU MANDIRI | D52: 46229 | E52: 46229 | F52: 46229 | H52: FOAM RUSAK 1T | J52: 46229
A53: 52 | B53: H9155OF | C53: PT.LUMAS PRIMA | D53: 46325 | E53: 46325 | H53: 46325 | J53: 46325
A54: 53 | B54: H9390OF | C54: PT. ADHI BUANA PERSADA | D54: 46283 | E54: 46283 | F54: 46283 | J54: 46283
A55: 54 | B55: H9391OF | C55: PT. ADHI BUANA PERSADA | D55: 46229 | E55: 46229 | F55: 46229 | J55: 46229
A56: 55 | B56: H9392OF | C56: PT. ADHI BUANA PERSADA | D56: 46292 | E56: 46292 | F56: 46325 | J56: 46376
A57: 56 | B57: H9536OH | C57: PT. LUMAS BIRU MANDIRI | D57: P 2T F 2T | E57: 46292 | F57: 46229 | J57: 46292
A58: 57 | B58: H9677OF | C58: PT. ADHI BUANA PERSADA | D58: 46325 | E58: 46325 | F58: 46254 | J58: 46254
A59: 58 | B59: H9698OF | C59: PT. ADHI BUANA PERSADA | D59: 46216 | E59: 46216 | F59: 46216 | J59: 46254
A60: 59 | B60: H9771OF | C60: PT. LUMAS BIRU PRIMA | D60: 46254 | E60: 46254 | F60: 46254 | J60: 46283
A61: 60 | B61: H9739OH | C61: PT. ADHI BUANA PERSADA | F61: 46376 | G61: 46376 | I61: 46376 | J61: 46376
A62: 61 | B62: H9740OH | C62: PT. ADHI BUANA PERSADA | F62: 46376 | G62: 46376 | I62: 46376 | J62: 46376
A63: 62 | B63: N8021UEA | C63: PT DHARMA CITRA ENERGI | D63: 46292 | E63: 46292 | F63: 46292 | J63: 46292
A64: 63 | B64: N8054UEA | C64: PT DHARMA CITRA ENERGI | D64: 46216 | E64: 46216 | F64: 46216 | J64: 46376
A65: 64 | B65: N8533UG | C65: PT. SINAR WAHANA SURYA | D65: 46254 | E65: 46254 | F65: 46292 | J65: 46292
A66: 65 | B66: N8641UH | C66: PT. DHARMA CITRA ENERGI | D66: 46376 | E66: 46376 | F66: 46254 | J66: 46254
A67: 66 | B67: N8864UG | C67: PT DHARMA CITRA ENERGI | D67: 46229 | E67: 46229 | F67: 46254 | J67: 46229
A68: 67 | B68: N8869UF | C68: PT DHARMA CITRA ENERGI | D68: 46254 | E68: 46254 | F68: 46254 | J68: 46254
